期数,百位,十位,个位
4004,4,4,3
4005,0,5,4
4006,5,2,6
4007,8,3,0
4008,6,2,2
4009,4,4,1
4010,2,2,7
4011,4,3,6
4012,4,3,0
4013,0,0,3
4014,3,3,5
4015,4,5,9
4016,4,4,4
4017,4,1,9
4018,6,1,2
4019,4,7,1
4020,8,1,0
4021,3,9,3
4022,5,9,1
4023,8,7,1
4024,8,8,6
4025,6,1,8
4026,6,2,1
4027,3,6,3
4028,0,7,5
4029,2,5,6
4030,1,2,0
4031,3,6,2
4032,3,7,8
4033,5,0,5
4034,9,9,5
4035,3,7,4
4036,0,0,9
4037,3,2,5
4038,4,2,5
4039,8,0,2
4040,5,6,6
4041,8,1,4
4042,7,8,0
4043,7,0,4
4044,3,8,2
5001,0,5,4
5002,3,6,6
5003,4,3,1
5004,6,7,4
5005,2,9,9
5006,4,2,0
5007,4,3,5
5008,2,8,1
5009,8,6,9
5010,4,1,6
5011,2,0,4
5012,1,9,6
5013,6,1,3
5014,0,8,5
5015,3,6,7
5016,6,6,5
5017,1,5,7
5018,0,5,5
5019,5,7,4
5020,9,2,2
5021,0,0,1
5022,9,3,8
5023,0,8,0
5024,3,1,2
5025,7,5,5
5026,2,7,7
5027,0,1,4
5028,8,6,2
5029,6,2,8
5030,4,5,9
5031,5,0,4
5032,3,6,1
5033,5,9,0
5034,1,8,6
5035,8,3,0
5036,9,4,2
5037,7,0,8
5038,3,1,9
5039,0,2,8
5040,0,4,7
5041,1,3,3
5042,2,3,4
5043,8,4,5
5044,9,5,5
5045,4,0,0
5046,5,4,5
5047,4,2,9
5048,7,6,1
5049,7,9,0
5050,1,0,4
5051,2,4,7
5052,3,0,6
5053,1,7,5
5054,5,1,9
5055,0,1,4
5056,6,0,0
5057,8,1,3
5058,3,5,3
5059,9,8,3
5060,9,6,0
5061,9,1,2
5062,7,9,6
5063,1,8,1
5064,9,6,9
5065,8,9,5
5066,6,2,6
5067,1,6,9
5068,9,0,3
5069,7,4,3
5070,9,8,4
5071,9,1,7
5072,2,5,6
5073,2,3,2
5074,0,0,6
5075,7,0,0
5076,4,1,8
5077,6,4,8
5078,8,4,2
5079,9,5,9
5080,4,9,5
5081,2,5,0
5082,2,1,6
5083,7,0,2
5084,2,7,7
5085,9,4,2
5086,6,3,5
5087,1,5,5
5088,1,4,4
5089,0,9,1
5090,0,6,5
5091,1,0,2
5092,2,9,9
5093,8,6,1
5094,1,1,2
5095,0,6,1
5096,9,3,5
5097,0,8,5
5098,6,7,0
5099,6,9,5
5100,1,2,7
5101,3,2,0
5102,4,3,1
5103,8,7,3
5104,6,8,1
5105,3,6,3
5106,5,4,0
5107,8,3,8
5108,3,8,4
5109,6,1,0
5110,4,1,7
5111,0,6,1
5112,2,9,8
5113,0,0,5
5114,8,9,2
5115,6,2,6
5116,5,6,9
5117,9,9,2
5118,5,9,3
5119,1,1,1
5120,1,6,2
5121,7,2,9
5122,5,4,2
5123,9,7,4
5124,2,1,9
5125,5,0,8
5126,5,3,4
5127,4,4,5
5128,1,6,2
5129,7,0,7
5130,5,4,6
5131,6,6,3
5132,8,3,6
5133,7,5,9
5134,7,0,4
5135,7,4,5
5136,9,2,8
5137,2,5,3
5138,0,1,4
5139,4,6,2
5140,8,9,4
5141,1,6,8
5142,3,0,6
5143,2,0,7
5144,5,7,4
5145,0,5,7
5146,1,0,9
5147,1,2,1
5148,9,7,9
5149,8,9,9
5150,5,2,4
5151,9,9,0
5152,9,2,7
5153,8,6,6
5154,7,7,6
5155,0,2,4
5156,1,1,9
5157,5,9,8
5158,8,7,6
5159,1,0,7
5160,7,2,6
5161,2,2,1
5162,9,6,7
5163,6,4,5
5164,0,0,1
5165,3,9,8
5166,7,3,6
5167,7,1,1
5168,9,0,7
5169,2,6,3
5170,1,9,5
5171,1,6,5
5172,9,9,7
5173,2,0,7
5174,8,7,6
5175,9,3,3
5176,9,3,7
5177,7,0,5
5178,0,0,4
5179,0,4,3
5180,3,9,5
5181,4,0,2
5182,4,6,9
5183,1,7,3
5184,8,8,4
5185,4,3,9
5186,2,0,2
5187,9,1,3
5188,6,2,9
5189,4,0,3
5190,4,2,6
5191,5,0,6
5192,6,2,4
5193,9,9,9
5194,4,9,4
5195,5,2,6
5196,0,0,5
5197,7,8,8
5198,7,4,9
5199,7,9,4
5200,9,9,8
5201,0,4,5
5202,3,3,0
5203,8,1,9
5204,5,0,6
5205,8,7,5
5206,9,5,8
5207,8,6,7
5208,5,4,0
5209,3,1,6
5210,5,4,3
5211,5,3,4
5212,7,8,0
5213,9,6,2
5214,1,6,9
5215,2,3,6
5216,8,5,6
5217,5,5,5
5218,7,2,4
5219,2,1,6
5220,8,0,2
5221,8,7,0
5222,8,9,5
5223,5,3,9
5224,5,6,7
5225,3,0,9
5226,2,9,3
5227,2,6,4
5228,7,2,5
5229,8,1,3
5230,7,8,4
5231,0,7,7
5232,7,4,9
5233,9,3,4
5234,1,2,2
5235,8,5,6
5236,5,3,7
5237,6,0,0
5238,4,6,3
5239,3,4,6
5240,5,1,7
5241,8,3,2
5242,2,8,9
5243,9,4,9
5244,8,9,4
5245,8,2,7
5246,5,9,7
5247,3,1,0
5248,4,8,1
5249,5,2,1
5250,0,3,7
5251,8,1,8
5252,0,8,5
5253,4,4,2
5254,3,0,2
5255,9,5,9
5256,5,3,9
5257,0,2,6
5258,9,7,6
5259,9,7,1
5260,4,8,9
5261,6,1,4
5262,2,4,0
5263,8,4,6
5264,8,0,7
5265,6,9,6
5266,1,0,7
5267,5,8,4
5268,8,5,5
5269,3,2,7
5270,9,0,9
5271,5,6,6
5272,9,8,1
5273,7,2,6
5274,5,2,6
5275,4,7,0
5276,8,6,2
5277,0,7,5
5278,6,9,2
5279,2,5,4
5280,8,9,9
5281,5,7,6
5282,5,4,9
5283,1,8,4
5284,3,8,0
5285,6,5,4
5286,8,5,3
5287,7,8,7
5288,4,8,7
5289,3,0,4
5290,8,0,3
5291,3,7,1
5292,4,3,6
5293,0,4,0
5294,8,2,0
5295,8,9,3
5296,7,1,6
5297,3,1,9
5298,6,0,8
5299,7,5,6
5300,9,6,6
5301,6,3,5
5302,7,4,7
5303,5,7,6
5304,8,6,3
5305,5,7,8
5306,3,9,0
5307,9,6,8
5308,1,2,9
5309,5,2,4
5310,0,1,5
5311,4,5,0
5312,7,5,6
5313,7,2,8
5314,8,6,0
5315,6,7,0
5316,7,4,1
5317,8,4,6
5318,0,6,9
5319,8,2,4
5320,0,8,4
5321,8,0,5
5322,2,7,4
5323,3,3,9
5324,5,7,8
5325,4,7,2
5326,5,0,8
5327,7,3,5
5328,4,6,3
5329,1,1,7
5330,1,4,9
5331,7,9,0
5332,1,8,7
5333,3,4,1
5334,6,7,2
5335,7,8,1
5336,6,9,3
5337,4,6,1
5338,2,3,6
5339,4,4,0
5340,6,7,8
5341,3,0,2
5342,3,8,5
5343,8,7,6
5344,9,4,9
5345,7,8,6
5346,2,9,2
5347,1,7,2
5348,3,2,3
5349,4,9,2
5350,2,3,7
5351,2,3,9
5352,5,6,2
5353,0,9,5
5354,0,1,4
5355,0,1,2
5356,4,3,9
5357,4,1,5
5358,3,9,7
6001,1,8,4
6002,2,9,9
6003,0,1,2
6004,9,4,0
6005,1,8,5
6006,5,9,8
6007,5,6,1
6008,4,8,9
6009,8,0,3
6010,5,3,8
6011,7,5,5
6012,6,5,2
6013,7,7,7
6014,6,7,8
6015,4,4,6
6016,5,1,9
6017,9,2,5
6018,9,1,6
6019,1,9,9
6020,7,1,0
6021,4,3,8
6022,1,6,4
6023,2,1,5
6024,1,6,3
6025,7,0,7
6026,9,9,8
6027,4,0,4
6028,5,4,7
6029,7,0,6
6030,0,8,6
6031,6,7,5
6032,6,9,9
6033,5,4,9
6034,4,6,5
6035,6,4,7
6036,1,5,4
6037,2,3,6
6038,3,7,4
6039,5,8,7
6040,8,7,6
6041,8,5,3
6042,0,2,8
6043,4,4,5
6044,0,2,6
6045,1,8,7
6046,5,6,8
6047,6,9,4
6048,5,6,4
6049,4,8,9
6050,8,7,4
6051,8,7,3
6052,5,0,1
6053,6,9,8
6054,9,0,9
6055,1,4,0
6056,8,9,8
6057,7,9,1
6058,6,0,0
6059,9,9,0
6060,0,6,2
6061,2,2,4
6062,7,6,1
6063,4,5,8
6064,9,8,3
6065,9,2,1
6066,9,6,7
6067,1,4,9
6068,0,0,3
6069,0,8,2
6070,4,1,5
6071,2,0,2
6072,4,2,0
6073,2,0,3
6074,2,9,2
6075,8,4,4
6076,2,2,4
6077,2,0,1
6078,2,8,6
6079,7,1,4
6080,5,4,4
6081,4,3,4
6082,6,7,1
6083,9,7,2
6084,2,7,6
6085,4,9,5
6086,1,6,2
6087,9,4,7
6088,6,4,2
6089,4,9,2
6090,8,7,7
6091,5,3,3
6092,4,4,4
6093,8,2,4
6094,0,1,0
6095,3,0,4
6096,2,7,5
6097,9,3,8
6098,6,6,0
6099,8,2,6
6100,4,5,1
6101,4,3,0
6102,2,6,0
6103,2,2,3
6104,6,1,6
6105,5,1,9
6106,5,3,3
6107,1,9,0
6108,6,9,6
6109,3,0,8
6110,4,3,7
6111,2,1,8
6112,4,9,9
6113,6,0,1
6114,9,9,7
6115,2,5,9
6116,3,3,2
6117,9,9,9
6118,8,9,0
6119,9,0,0
6120,3,3,2
6121,5,7,5
6122,5,2,0
6123,2,4,9
6124,2,6,1
6125,3,1,5
6126,2,3,8
6127,1,0,3
6128,6,4,0
6129,9,2,9
6130,8,0,8
6131,1,6,5
6132,0,9,3
6133,9,8,9
6134,0,7,3
6135,7,4,5
6136,3,9,1
6137,7,3,3
6138,0,8,7
6139,1,7,2
6140,8,3,0
6141,9,7,4
6142,2,6,6
6143,1,0,4
6144,1,5,1
6145,5,8,8
6146,8,3,4
6147,7,3,3
6148,7,6,0
6149,0,1,9
6150,0,4,9
6151,1,8,1
6152,8,1,4
6153,9,5,0
6154,9,4,8
6155,7,5,9
6156,6,7,8
6157,0,3,8
6158,6,2,3
6159,5,3,9
6160,9,8,6
6161,9,7,6
6162,2,4,2
6163,9,9,4
6164,5,3,4
6165,3,9,7
6166,3,7,3
6167,9,6,4
6168,2,1,1
6169,7,9,4
6170,3,0,5
6171,2,4,6
6172,6,8,7
6173,0,1,9
6174,4,5,4
6175,0,0,1
6176,7,7,2
6177,9,4,5
6178,4,6,5
6179,4,9,9
6180,5,9,3
6181,9,5,9
6182,2,1,7
6183,4,6,5
6184,3,4,0
6185,7,0,0
6186,4,6,9
6187,7,1,3
6188,9,9,5
6189,3,3,4
6190,4,1,9
6191,2,9,3
6192,3,0,0
6193,7,4,8
6194,1,1,6
6195,9,1,8
6196,8,4,8
6197,9,4,9
6198,1,6,5
6199,0,2,9
6200,9,2,8
6201,7,2,4
6202,8,9,1
6203,4,5,1
6204,8,7,2
6205,4,8,1
6206,4,7,1
6207,9,3,7
6208,3,6,8
6209,5,6,2
6210,2,5,7
6211,5,5,2
6212,9,3,4
6213,4,2,1
6214,3,4,0
6215,5,2,7
6216,8,3,6
6217,3,5,3
6218,7,2,1
6219,5,5,4
6220,5,4,6
6221,7,5,1
6222,2,5,5
6223,7,6,0
6224,7,0,8
6225,8,9,3
6226,6,0,8
6227,6,3,3
6228,6,1,2
6229,2,6,6
6230,2,6,7
6231,0,6,8
6232,1,6,2
6233,7,1,4
6234,4,5,7
6235,7,3,2
6236,1,6,9
6237,7,9,3
6238,1,6,6
6239,5,3,6
6240,2,2,8
6241,4,3,2
6242,7,8,9
6243,4,9,8
6244,2,2,2
6245,0,8,0
6246,9,8,9
6247,5,2,8
6248,8,9,5
6249,1,6,6
6250,9,5,9
6251,6,5,6
6252,1,1,5
6253,9,7,8
6254,2,9,3
6255,4,7,9
6256,9,9,8
6257,5,0,8
6258,8,6,0
6259,6,2,8
6260,6,5,9
6261,7,3,5
6262,9,1,7
6263,8,8,6
6264,6,5,6
6265,2,2,8
6266,2,7,2
6267,2,6,5
6268,6,3,8
6269,0,1,0
6270,3,1,7
6271,9,4,4
6272,5,1,7
6273,3,7,3
6274,9,0,8
6275,7,7,2
6276,1,1,0
6277,9,0,7
6278,2,1,6
6279,9,5,1
6280,8,0,8
6281,2,6,3
6282,4,3,3
6283,0,2,3
6284,2,7,9
6285,8,5,7
6286,5,6,4
6287,4,4,7
6288,1,4,5
6289,7,8,1
6290,2,0,8
6291,4,3,9
6292,3,3,8
6293,0,6,0
6294,4,3,7
6295,3,3,1
6296,6,0,9
6297,6,0,0
6298,9,7,2
6299,9,5,6
6300,2,1,4
6301,1,9,9
6302,6,3,5
6303,7,7,2
6304,9,9,1
6305,2,5,9
6306,6,6,1
6307,2,7,8
6308,8,7,1
6309,8,3,4
6310,9,9,9
6311,3,0,5
6312,3,1,0
6313,8,3,0
6314,7,2,4
6315,0,4,1
6316,1,3,3
6317,8,4,5
6318,6,1,9
6319,6,5,5
6320,3,4,9
6321,4,6,8
6322,6,6,4
6323,7,3,6
6324,8,1,5
6325,1,4,3
6326,9,7,7
6327,3,7,5
6328,1,6,9
6329,8,9,6
6330,7,7,4
6331,0,9,0
6332,0,2,0
6333,7,6,7
6334,8,9,3
6335,6,5,9
6336,4,5,6
6337,1,2,6
6338,9,4,0
6339,0,6,3
6340,5,3,1
6341,6,6,4
6342,7,4,6
6343,1,8,3
6344,7,1,2
6345,0,3,0
6346,5,6,6
6347,1,8,4
6348,1,1,4
6349,7,3,5
6350,6,9,8
6351,1,1,7
6352,6,9,1
6353,5,1,3
6354,3,3,4
6355,9,1,4
6356,6,7,8
6357,5,8,4
7001,0,3,8
7002,0,6,0
7003,8,3,9
7004,1,6,3
7005,0,9,1
7006,8,3,5
7007,5,4,1
7008,4,1,6
7009,2,9,2
7010,4,5,3
7011,2,6,1
7012,4,0,5
7013,2,5,2
7014,0,4,7
7015,9,7,7
7016,8,7,8
7017,4,8,5
7018,2,0,4
7019,2,1,9
7020,1,5,1
7021,7,5,7
7022,8,9,6
7023,7,1,6
7024,9,5,5
7025,3,1,9
7026,2,6,0
7027,3,4,9
7028,1,1,9
7029,3,9,9
7030,2,8,1
7031,7,0,4
7032,9,6,1
7033,8,7,5
7034,4,9,4
7035,7,6,4
7036,0,3,2
7037,5,0,7
7038,2,0,3
7039,0,2,5
7040,9,4,8
7041,3,3,5
7042,1,9,9
7043,9,4,7
7044,9,8,8
7045,0,0,0
7046,5,6,4
7047,3,7,7
7048,5,7,2
7049,7,6,0
7050,1,6,3
7051,2,6,5
7052,7,3,3
7053,8,0,2
7054,8,4,7
7055,0,1,7
7056,2,7,8
7057,9,5,5
7058,8,8,7
7059,5,2,8
7060,3,6,8
7061,7,8,7
7062,3,2,7
7063,3,6,5
7064,3,3,0
7065,2,6,8
7066,6,8,3
7067,4,9,9
7068,1,0,3
7069,5,3,1
7070,4,4,1
7071,9,8,4
7072,0,1,0
7073,5,6,4
7074,9,0,6
7075,5,1,5
7076,3,1,6
7077,7,6,1
7078,7,3,7
7079,1,9,5
7080,8,5,6
7081,4,9,1
7082,0,4,4
7083,9,0,3
7084,0,2,0
7085,8,7,8
7086,0,2,8
7087,7,3,8
7088,8,9,4
7089,5,7,7
7090,6,2,4
7091,1,7,0
7092,4,1,7
7093,9,7,1
7094,0,5,1
7095,9,3,7
7096,9,6,7
7097,5,3,2
7098,6,7,9
7099,4,0,5
7100,9,4,1
7101,3,4,9
7102,4,8,5
7103,4,4,1
7104,7,5,4
7105,9,9,9
7106,8,4,5
7107,6,9,1
7108,4,9,7
7109,3,9,5
7110,7,8,6
7111,7,6,2
7112,7,3,4
7113,1,8,3
7114,7,8,6
7115,1,6,7
7116,2,7,2
7117,3,7,8
7118,9,7,1
7119,9,6,7
7120,5,3,4
7121,0,0,6
7122,5,2,0
7123,5,2,5
7124,7,7,9
7125,1,6,3
7126,0,7,5
7127,9,0,9
7128,6,9,9
7129,9,4,5
7130,1,1,1
7131,5,7,5
7132,6,8,4
7133,8,3,9
7134,0,9,7
7135,5,9,5
7136,8,5,8
7137,9,6,4
7138,0,4,7
7139,3,2,8
7140,0,3,6
7141,8,8,4
7142,6,6,9
7143,1,3,9
7144,9,1,2
7145,0,6,0
7146,9,1,0
7147,9,7,6
7148,2,4,6
7149,3,7,8
7150,8,7,3
7151,6,7,6
7152,9,5,1
7153,1,8,1
7154,8,5,1
7155,6,8,2
7156,7,7,5
7157,0,0,0
7158,8,9,1
7159,5,3,9
7160,8,7,8
7161,5,6,7
7162,5,5,4
7163,6,5,8
7164,7,3,8
7165,9,4,6
7166,7,9,5
7167,8,0,0
7168,0,6,4
7169,3,3,8
7170,2,0,0
7171,8,9,0
7172,5,1,7
7173,9,8,1
7174,3,8,4
7175,4,4,6
7176,1,7,4
7177,7,2,6
7178,4,9,1
7179,8,2,5
7180,6,8,0
7181,8,4,9
7182,6,0,4
7183,9,0,3
7184,5,7,4
7185,5,8,1
7186,0,0,0
7187,8,6,7
7188,5,8,9
7189,1,8,4
7190,6,1,6
7191,9,5,9
7192,1,0,6
7193,9,5,1
7194,1,4,1
7195,5,6,6
7196,5,6,5
7197,7,1,3
7198,2,8,2
7199,4,4,9
7200,7,6,6
7201,0,8,5
7202,8,6,8
7203,1,3,1
7204,9,8,1
7205,5,3,3
7206,5,1,8
7207,9,2,3
7208,6,4,3
7209,3,8,9
7210,0,6,1
7211,1,8,8
7212,2,4,4
7213,8,9,9
7214,9,4,4
7215,8,8,4
7216,1,7,6
7217,5,0,3
7218,3,9,7
7219,5,6,9
7220,4,7,9
7221,2,1,1
7222,7,1,2
7223,4,2,7
7224,4,3,6
7225,8,0,1
7226,2,5,9
7227,2,0,1
7228,2,9,1
7229,0,2,2
7230,9,4,7
7231,1,3,9
7232,8,3,3
7233,8,3,2
7234,6,3,8
7235,8,9,3
7236,6,8,9
7237,4,3,8
7238,0,7,8
7239,8,4,6
7240,4,6,1
7241,5,3,2
7242,8,2,0
7243,7,1,9
7244,3,3,3
7245,9,4,6
7246,2,5,2
7247,8,5,4
7248,2,5,1
7249,0,5,1
7250,0,2,8
7251,6,0,2
7252,0,2,9
7253,5,3,3
7254,6,3,0
7255,4,8,8
7256,2,2,1
7257,1,4,4
7258,5,4,3
7259,1,5,4
7260,9,7,9
7261,9,1,2
7262,0,4,9
7263,2,3,1
7264,7,9,6
7265,2,3,2
7266,8,0,6
7267,5,9,8
7268,6,3,9
7269,8,3,3
7270,8,5,2
7271,2,9,5
7272,7,9,2
7273,8,5,4
7274,4,3,5
7275,3,6,1
7276,4,9,4
7277,2,5,4
7278,5,6,3
7279,8,9,6
7280,8,6,4
7281,4,0,3
7282,9,0,4
7283,2,1,0
7284,7,5,9
7285,4,0,7
7286,6,1,9
7287,3,7,4
7288,9,2,7
7289,7,9,4
7290,4,5,3
7291,4,4,1
7292,5,6,9
7293,4,7,4
7294,5,6,3
7295,3,1,1
7296,9,4,5
7297,9,7,1
7298,2,6,8
7299,4,9,4
7300,3,5,7
7301,8,2,4
7302,4,9,1
7303,9,8,0
7304,4,0,2
7305,7,9,8
7306,0,5,3
7307,6,1,0
7308,0,8,7
7309,8,8,4
7310,7,5,9
7311,3,4,7
7312,0,5,3
7313,6,3,3
7314,1,7,4
7315,2,0,1
7316,6,0,7
7317,7,8,7
7318,0,9,1
7319,0,5,3
7320,7,9,4
7321,8,5,8
7322,8,8,3
7323,6,9,4
7324,0,5,1
7325,8,1,9
7326,5,6,6
7327,4,3,8
7328,9,4,0
7329,2,7,3
7330,0,1,5
7331,1,5,3
7332,6,6,4
7333,9,1,4
7334,7,7,3
7335,5,2,3
7336,7,7,4
7337,2,7,6
7338,5,8,5
7339,0,4,8
7340,4,1,6
7341,0,3,2
7342,0,6,8
7343,4,9,2
7344,7,5,7
7345,5,9,6
7346,0,8,0
7347,3,1,0
7348,4,1,8
7349,4,7,7
7350,1,6,4
7351,0,2,8
7352,1,4,7
7353,0,0,5
7354,0,6,5
7355,6,3,4
7356,2,1,5
7357,3,1,7
8001,6,5,9
8002,8,7,0
8003,8,3,8
8004,3,5,9
8005,3,1,4
8006,2,8,2
8007,0,8,9
8008,8,0,3
8009,0,8,1
8010,2,8,4
8011,5,0,6
8012,6,3,0
8013,0,0,4
8014,1,6,3
8015,4,7,5
8016,7,8,9
8017,0,6,5
8018,1,5,5
8019,6,4,9
8020,7,8,6
8021,1,1,9
8022,6,5,4
8023,0,8,8
8024,0,1,2
8025,6,3,0
8026,8,0,6
8027,0,2,6
8028,9,9,0
8029,3,2,0
8030,3,1,4
8031,5,3,5
8032,8,2,7
8033,5,2,0
8034,8,3,5
8035,9,1,3
8036,5,4,1
8037,8,0,6
8038,6,5,3
8039,4,5,8
8040,8,0,4
8041,6,6,1
8042,6,1,2
8043,1,1,1
8044,1,2,1
8045,6,6,6
8046,8,0,5
8047,2,2,7
8048,8,0,5
8049,5,2,3
8050,3,3,2
8051,2,3,9
8052,2,8,0
8053,5,0,7
8054,9,3,2
8055,4,0,0
8056,6,7,1
8057,3,2,0
8058,6,7,7
8059,4,5,7
8060,6,3,6
8061,4,3,8
8062,4,1,3
8063,8,3,0
8064,6,4,8
8065,3,6,6
8066,1,9,5
8067,9,2,1
8068,5,4,2
8069,6,0,8
8070,7,3,8
8071,3,4,6
8072,5,0,2
8073,8,2,4
8074,3,8,1
8075,5,9,7
8076,8,2,6
8077,6,7,4
8078,6,1,9
8079,7,3,7
8080,8,5,3
8081,7,9,8
8082,4,6,7
8083,9,0,9
8084,3,9,7
8085,0,1,0
8086,3,9,1
8087,7,2,6
8088,4,5,6
8089,0,5,4
8090,3,1,8
8091,6,4,0
8092,9,8,3
8093,6,8,8
8094,5,9,9
8095,0,6,3
8096,4,7,0
8097,9,2,1
8098,5,6,7
8099,9,5,2
8100,7,5,7
8101,2,3,6
8102,5,1,1
8103,2,6,2
8104,1,1,5
8105,5,2,5
8106,0,9,0
8107,3,5,0
8108,5,6,2
8109,5,1,8
8110,3,9,3
8111,8,9,1
8112,4,7,6
8113,1,1,2
8114,2,4,6
8115,8,8,8
8116,6,9,5
8117,9,9,9
8118,1,7,7
8119,8,7,4
8120,7,5,4
8121,1,1,8
8122,3,1,3
8123,8,3,4
8124,1,0,9
8125,2,8,8
8126,2,9,4
8127,8,6,1
8128,4,9,5
8129,8,6,0
8130,8,0,8
8131,6,4,3
8132,2,5,4
8133,2,8,6
8134,5,4,2
8135,9,6,4
8136,4,6,7
8137,0,6,2
8138,8,4,1
8139,7,5,9
8140,4,1,4
8141,5,1,6
8142,6,7,2
8143,8,5,8
8144,1,8,6
8145,0,2,4
8146,1,4,2
8147,8,9,7
8148,2,9,4
8149,9,1,6
8150,5,8,4
8151,6,7,3
8152,8,2,4
8153,6,6,6
8154,9,1,0
8155,3,5,7
8156,0,7,2
8157,7,4,9
8158,8,0,5
8159,6,0,4
8160,7,4,9
8161,7,6,7
8162,6,7,4
8163,3,0,7
8164,1,8,2
8165,2,3,0
8166,8,8,0
8167,4,6,2
8168,6,3,4
8169,9,9,7
8170,4,4,2
8171,7,3,2
8172,3,8,2
8173,6,1,5
8174,8,8,7
8175,5,1,6
8176,5,4,2
8177,1,0,4
8178,3,4,4
8179,1,2,2
8180,4,1,1
8181,3,9,3
8182,0,8,2
8183,3,6,9
8184,8,4,0
8185,0,6,4
8186,8,7,6
8187,9,0,5
8188,5,9,5
8189,0,8,5
8190,8,6,2
8191,1,3,4
8192,8,6,7
8193,6,0,8
8194,3,1,2
8195,2,8,2
8196,8,6,1
8197,3,5,7
8198,0,6,8
8199,4,8,1
8200,2,0,4
8201,7,4,3
8202,1,9,8
8203,7,9,9
8204,6,7,6
8205,0,5,6
8206,4,8,0
8207,0,6,0
8208,3,5,6
8209,6,1,9
8210,0,0,3
8211,1,9,4
8212,8,9,4
8213,8,6,0
8214,1,4,4
8215,7,3,5
8216,9,3,8
8217,0,5,4
8218,1,6,1
8219,4,9,2
8220,4,8,4
8221,3,9,8
8222,1,0,8
8223,9,9,6
8224,6,3,2
8225,3,5,4
8226,9,8,2
8227,5,8,7
8228,7,5,9
8229,1,9,4
8230,6,3,2
8231,6,3,5
8232,8,4,0
8233,0,2,6
8234,8,0,0
8235,3,7,2
8236,7,9,6
8237,1,1,4
8238,2,5,9
8239,4,4,3
8240,3,0,0
8241,5,6,9
8242,3,8,4
8243,9,3,9
8244,2,1,3
8245,7,7,0
8246,7,1,6
8247,3,6,0
8248,2,5,1
8249,1,5,7
8250,1,8,0
8251,5,9,6
8252,5,1,8
8253,2,0,5
8254,4,3,0
8255,4,7,8
8256,9,2,5
8257,7,5,7
8258,8,2,6
8259,5,8,5
8260,2,7,6
8261,0,1,0
8262,5,8,9
8263,0,4,0
8264,5,3,3
8265,7,2,8
8266,9,3,7
8267,8,5,1
8268,5,9,5
8269,1,1,9
8270,0,4,4
8271,3,5,0
8272,9,3,9
8273,0,7,7
8274,0,2,7
8275,1,2,2
8276,0,2,7
8277,6,2,1
8278,7,9,3
8279,8,9,4
8280,6,5,9
8281,2,1,2
8282,1,5,0
8283,8,0,6
8284,8,5,4
8285,3,4,3
8286,5,1,9
8287,6,7,1
8288,4,3,2
8289,1,4,1
8290,3,3,6
8291,4,9,7
8292,8,4,5
8293,0,9,9
8294,0,9,7
8295,9,4,4
8296,7,6,6
8297,9,4,1
8298,7,2,6
8299,0,7,8
8300,6,8,8
8301,0,2,0
8302,9,0,7
8303,3,9,3
8304,9,7,6
8305,0,1,0
8306,4,8,9
8307,4,5,3
8308,7,4,6
8309,2,5,0
8310,7,9,3
8311,0,7,1
8312,6,3,6
8313,9,7,1
8314,4,4,7
8315,8,8,7
8316,8,4,5
8317,3,8,1
8318,8,0,3
8319,8,8,1
8320,7,4,3
8321,9,9,1
8322,2,3,5
8323,4,6,1
8324,5,4,9
8325,0,8,7
8326,8,0,7
8327,5,5,3
8328,2,0,5
8329,4,2,2
8330,1,7,8
8331,3,7,6
8332,9,0,0
8333,8,8,5
8334,0,7,8
8335,6,2,8
8336,2,9,8
8337,0,1,7
8338,9,9,9
8339,4,5,2
8340,5,6,8
8341,3,5,1
8342,0,0,1
8343,6,1,4
8344,0,7,0
8345,9,2,3
8346,5,5,9
8347,7,9,0
8348,4,1,3
8349,0,8,3
8350,5,5,9
8351,1,6,3
8352,5,7,5
8353,3,7,5
8354,4,7,4
8355,4,8,7
8356,7,1,5
8357,2,8,3
8358,6,9,4
8359,2,1,0
9001,3,2,5
9002,6,1,4
9003,4,8,8
9004,5,0,2
9005,5,2,1
9006,6,5,9
9007,3,4,1
9008,2,4,3
9009,6,6,9
9010,8,6,2
9011,6,5,6
9012,9,6,1
9013,5,5,1
9014,2,9,9
9015,2,7,1
9016,9,7,7
9017,3,5,5
9018,8,8,6
9019,8,3,0
9020,4,6,1
9021,7,0,0
9022,9,1,4
9023,6,6,2
9024,5,1,8
9025,2,7,8
9026,6,6,9
9027,5,8,5
9028,3,3,5
9029,4,7,0
9030,1,0,3
9031,5,4,3
9032,9,8,1
9033,4,7,2
9034,2,3,5
9035,8,1,4
9036,0,3,2
9037,9,0,4
9038,6,3,5
9039,8,4,5
9040,7,3,6
9041,6,7,9
9042,3,1,3
9043,6,2,6
9044,7,3,3
9045,7,7,4
9046,8,0,2
9047,7,1,3
9048,1,3,6
9049,3,7,3
9050,6,9,8
9051,1,0,8
9052,9,2,6
9053,6,2,2
9054,5,4,9
9055,0,4,5
9056,7,9,7
9057,3,8,1
9058,4,3,7
9059,2,1,0
9060,4,1,1
9061,8,0,4
9062,6,7,5
9063,1,5,9
9064,4,6,6
9065,4,5,5
9066,4,7,1
9067,6,9,0
9068,4,1,5
9069,3,2,0
9070,8,4,3
9071,5,0,2
9072,4,7,9
9073,5,4,7
9074,1,6,1
9075,5,2,8
9076,3,7,6
9077,8,5,6
9078,4,9,3
9079,3,2,8
9080,7,9,9
9081,2,8,3
9082,0,3,8
9083,5,0,9
9084,5,7,8
9085,1,9,8
9086,8,0,6
9087,5,0,0
9088,8,0,9
9089,7,8,4
9090,2,1,4
9091,6,1,2
9092,9,2,0
9093,8,8,0
9094,7,9,9
9095,3,0,1
9096,3,5,1
9097,5,9,1
9098,8,6,7
9099,7,6,2
9100,3,3,5
9101,3,7,0
9102,8,9,2
9103,3,9,3
9104,4,7,3
9105,9,5,6
9106,2,0,3
9107,0,4,6
9108,4,0,8
9109,2,4,0
9110,9,4,4
9111,6,7,2
9112,4,2,2
9113,1,7,4
9114,3,0,1
9115,7,9,2
9116,3,3,0
9117,1,9,8
9118,7,6,3
9119,9,6,1
9120,1,0,7
9121,8,8,0
9122,3,5,5
9123,0,7,9
9124,9,4,5
9125,6,3,1
9126,3,0,6
9127,9,9,8
9128,5,1,5
9129,7,1,7
9130,0,6,2
9131,7,5,7
9132,9,9,0
9133,7,5,0
9134,4,4,0
9135,2,0,5
9136,7,8,5
9137,3,1,7
9138,6,3,3
9139,4,2,9
9140,2,8,1
9141,6,0,6
9142,1,4,7
9143,6,1,6
9144,9,7,3
9145,1,8,0
9146,1,8,3
9147,7,4,1
9148,3,4,1
9149,6,2,3
9150,0,0,4
9151,4,9,6
9152,6,3,8
9153,6,9,8
9154,3,2,5
9155,2,0,6
9156,9,0,6
9157,0,6,0
9158,1,4,8
9159,3,8,0
9160,6,2,2
9161,1,8,6
9162,6,7,4
9163,1,2,0
9164,5,5,2
9165,1,6,8
9166,9,3,2
9167,5,2,6
9168,1,0,8
9169,3,7,5
9170,5,4,5
9171,8,1,4
9172,9,4,0
9173,8,1,8
9174,6,8,5
9175,2,0,0
9176,5,1,2
9177,2,2,0
9178,9,9,3
9179,6,3,4
9180,9,0,6
9181,0,6,9
9182,8,9,8
9183,7,5,9
9184,9,0,5
9185,9,0,6
9186,7,6,7
9187,6,2,8
9188,8,5,3
9189,5,7,4
9190,4,5,1
9191,3,2,0
9192,9,3,7
9193,4,2,7
9194,5,6,1
9195,1,4,7
9196,4,3,9
9197,9,4,1
9198,3,5,1
9199,3,7,2
9200,7,1,1
9201,0,1,5
9202,2,0,4
9203,3,0,6
9204,1,2,9
9205,5,8,3
9206,3,6,0
9207,5,5,0
9208,2,5,6
9209,3,7,6
9210,0,1,3
9211,4,1,5
9212,4,8,2
9213,6,4,1
9214,5,0,2
9215,8,7,3
9216,1,8,3
9217,9,9,0
9218,8,4,8
9219,5,3,4
9220,4,1,6
9221,8,2,2
9222,5,5,7
9223,2,0,2
9224,9,6,7
9225,4,4,7
9226,4,6,8
9227,0,8,7
9228,6,0,8
9229,9,1,3
9230,3,2,3
9231,9,4,7
9232,5,4,8
9233,7,3,8
9234,7,3,4
9235,7,0,8
9236,4,5,1
9237,4,8,9
9238,3,6,2
9239,7,6,5
9240,3,7,8
9241,9,8,2
9242,8,8,4
9243,9,0,3
9244,6,4,7
9245,1,5,3
9246,2,2,0
9247,1,5,9
9248,2,0,4
9249,8,9,4
9250,3,6,2
9251,4,1,9
9252,9,9,0
9253,0,9,8
9254,3,1,9
9255,3,1,6
9256,8,7,7
9257,9,0,5
9258,2,0,6
9259,5,4,4
9260,8,6,1
9261,8,0,8
9262,5,2,1
9263,0,5,0
9264,3,3,2
9265,7,7,9
9266,0,8,9
9267,5,4,5
9268,0,7,3
9269,6,4,2
9270,4,7,5
9271,6,9,8
9272,6,3,1
9273,3,2,9
9274,0,7,2
9275,7,3,2
9276,5,2,1
9277,1,7,6
9278,0,8,9
9279,6,3,1
9280,4,0,4
9281,8,1,9
9282,2,4,1
9283,5,6,2
9284,4,8,8
9285,3,6,3
9286,1,8,4
9287,9,7,1
9288,2,0,1
9289,7,3,9
9290,1,3,9
9291,8,3,0
9292,9,6,6
9293,9,0,6
9294,2,7,8
9295,8,0,0
9296,6,4,6
9297,2,3,0
9298,5,6,6
9299,5,3,5
9300,7,5,4
9301,2,2,4
9302,6,1,7
9303,7,3,9
9304,5,2,6
9305,4,8,7
9306,5,4,7
9307,3,9,4
9308,1,0,8
9309,5,9,5
9310,4,7,7
9311,1,9,9
9312,3,3,2
9313,9,3,1
9314,8,8,0
9315,0,5,9
9316,4,8,9
9317,2,9,4
9318,8,2,7
9319,5,3,1
9320,6,8,6
9321,5,9,8
9322,2,2,6
9323,1,2,1
9324,2,7,8
9325,4,5,5
9326,6,0,0
9327,7,8,5
9328,4,1,7
9329,5,2,4
9330,6,7,4
9331,9,4,5
9332,0,5,1
9333,5,9,2
9334,4,8,0
9335,4,0,7
9336,8,3,2
9337,9,8,6
9338,9,7,0
9339,5,2,0
9340,6,8,0
9341,9,3,9
9342,7,8,2
9343,8,3,7
9344,5,3,1
9345,3,7,5
9346,1,5,1
9347,2,0,3
9348,8,2,7
9349,3,0,7
9350,3,3,5
9351,1,5,9
9352,6,2,2
9353,6,6,7
9354,0,7,5
9355,4,4,2
9356,7,8,4
9357,2,5,5
9358,8,2,3
10001,3,2,7
10002,9,8,1
10003,9,1,5
10004,2,3,2
10005,3,8,7
10006,5,2,7
10007,4,2,5
10008,6,4,5
10009,0,3,7
10010,9,2,9
10011,4,2,0
10012,0,8,0
10013,9,3,7
10014,3,9,4
10015,9,5,6
10016,1,0,8
10017,3,8,3
10018,4,3,6
10019,1,8,4
10020,1,7,0
10021,0,8,4
10022,5,7,0
10023,4,5,1
10024,8,3,7
10025,7,4,6
10026,6,8,5
10027,5,0,0
10028,8,9,4
10029,5,5,0
10030,8,0,2
10031,0,1,5
10032,0,9,3
10033,6,6,8
10034,5,6,9
10035,3,4,9
10036,5,6,8
10037,7,7,8
10038,5,9,6
10039,5,1,1
10040,4,0,1
10041,2,3,6
10042,6,0,1
10043,4,0,8
10044,4,1,5
10045,3,6,8
10046,9,6,1
10047,4,0,0
10048,1,2,1
10049,2,5,9
10050,7,3,5
10051,7,3,4
10052,2,0,4
10053,5,4,8
10054,7,9,6
10055,2,3,0
10056,5,3,4
10057,3,7,4
10058,4,1,1
10059,6,2,7
10060,5,7,0
10061,6,0,9
10062,1,4,6
10063,8,4,4
10064,2,6,8
10065,2,0,8
10066,3,6,0
10067,5,8,8
10068,5,9,7
10069,8,5,1
10070,6,6,9
10071,5,7,8
10072,9,7,0
10073,5,5,5
10074,3,4,9
10075,8,5,4
10076,2,7,1
10077,9,9,2
10078,0,4,9
10079,9,5,7
10080,2,6,4
10081,5,9,8
10082,5,0,8
10083,4,6,8
10084,9,2,2
10085,2,9,6
10086,9,6,8
10087,8,1,4
10088,6,0,8
10089,2,4,1
10090,5,9,0
10091,0,7,0
10092,3,0,5
10093,9,7,4
10094,9,5,8
10095,4,7,0
10096,0,5,9
10097,1,4,6
10098,9,3,6
10099,1,6,8
10100,7,1,8
10101,1,4,3
10102,8,8,8
10103,8,1,2
10104,2,4,4
10105,2,8,4
10106,6,9,7
10107,0,5,3
10108,1,3,0
10109,7,7,6
10110,8,1,3
10111,8,7,1
10112,3,7,7
10113,3,4,2
10114,1,3,0
10115,2,2,1
10116,5,0,3
10117,5,6,5
10118,9,6,8
10119,3,3,2
10120,2,1,9
10121,8,2,9
10122,8,3,2
10123,2,6,1
10124,4,7,3
10125,4,8,8
10126,4,8,3
10127,2,7,7
10128,9,1,3
10129,1,0,1
10130,3,9,5
10131,3,3,6
10132,5,4,5
10133,3,4,3
10134,3,5,8
10135,4,0,9
10136,9,2,6
10137,7,7,6
10138,7,2,8
10139,0,4,5
10140,6,3,4
10141,8,3,1
10142,2,6,1
10143,3,7,0
10144,8,6,6
10145,9,3,4
10146,8,1,4
10147,0,0,6
10148,2,7,8
10149,9,6,4
10150,1,0,1
10151,3,0,9
10152,9,9,7
10153,0,0,6
10154,0,6,9
10155,3,3,1
10156,1,3,8
10157,7,0,8
10158,4,8,0
10159,6,4,4
10160,8,7,8
10161,6,3,7
10162,0,1,3
10163,1,3,4
10164,6,8,4
10165,8,4,2
10166,7,8,6
10167,0,9,4
10168,6,7,7
10169,8,4,4
10170,7,3,9
10171,8,0,8
10172,2,3,9
10173,4,0,6
10174,8,4,1
10175,5,6,9
10176,7,7,0
10177,1,9,4
10178,3,5,6
10179,5,1,9
10180,0,8,8
10181,8,0,6
10182,9,4,7
10183,3,3,7
10184,8,2,0
10185,1,3,5
10186,2,8,4
10187,4,1,5
10188,6,8,1
10189,9,1,8
10190,7,5,7
10191,3,5,3
10192,6,1,3
10193,1,1,1
10194,1,4,8
10195,8,0,4
10196,0,5,2
10197,7,7,8
10198,4,6,6
10199,9,8,8
10200,2,0,6
10201,1,8,0
10202,0,5,3
10203,1,0,6
10204,0,3,6
10205,0,4,7
10206,3,5,3
10207,8,2,8
10208,4,6,7
10209,0,8,1
10210,8,0,9
10211,9,3,2
10212,7,8,5
10213,3,9,1
10214,1,2,4
10215,6,6,7
10216,8,2,4
10217,8,9,3
10218,2,4,5
10219,6,8,5
10220,2,9,5
10221,6,8,3
10222,1,4,0
10223,5,7,4
10224,6,7,4
10225,9,9,7
10226,5,0,4
10227,2,3,9
10228,9,4,7
10229,6,7,6
10230,8,5,4
10231,0,6,6
10232,1,9,5
10233,5,3,4
10234,3,7,9
10235,3,0,0
10236,1,7,3
10237,9,0,3
10238,6,8,7
10239,4,1,4
10240,3,3,1
10241,2,5,1
10242,0,9,5
10243,4,8,8
10244,4,8,2
10245,4,8,4
10246,5,3,0
10247,8,8,5
10248,2,0,4
10249,6,9,5
10250,0,8,2
10251,6,9,8
10252,2,9,9
10253,6,7,5
10254,3,5,8
10255,9,7,1
10256,1,7,9
10257,9,6,9
10258,9,5,8
10259,2,4,3
10260,8,8,1
10261,3,3,3
10262,1,8,5
10263,4,2,5
10264,4,4,5
10265,8,4,6
10266,2,3,5
10267,7,0,3
10268,5,9,3
10269,1,6,3
10270,1,1,7
10271,5,2,1
10272,6,7,0
10273,7,7,2
10274,4,1,1
10275,6,8,0
10276,2,8,0
10277,6,2,3
10278,1,8,8
10279,6,8,5
10280,1,5,2
10281,2,7,3
10282,5,3,8
10283,0,4,7
10284,2,1,0
10285,7,4,7
10286,9,6,0
10287,1,6,7
10288,4,6,0
10289,1,3,4
10290,3,9,9
10291,1,5,0
10292,1,2,2
10293,1,2,9
10294,0,4,0
10295,2,3,8
10296,4,4,8
10297,5,2,0
10298,7,8,6
10299,2,2,5
10300,5,9,6
10301,3,5,6
10302,0,9,1
10303,0,7,0
10304,3,3,2
10305,9,3,7
10306,4,0,5
10307,2,1,9
10308,2,3,2
10309,0,2,6
10310,3,8,7
10311,5,9,8
10312,1,3,8
10313,8,7,8
10314,6,7,5
10315,0,5,5
10316,3,2,9
10317,1,8,2
10318,4,5,4
10319,7,3,3
10320,2,8,3
10321,0,2,7
10322,8,4,0
10323,4,7,4
10324,1,2,7
10325,8,4,6
10326,1,5,9
10327,3,7,6
10328,8,5,3
10329,3,6,6
10330,6,8,1
10331,4,4,3
10332,4,2,4
10333,8,6,7
10334,3,5,4
10335,6,5,5
10336,8,7,8
10337,8,9,5
10338,7,5,4
10339,5,9,9
10340,0,9,4
10341,9,4,3
10342,3,7,6
10343,1,6,8
10344,3,3,2
10345,7,4,1
10346,3,8,3
10347,3,2,2
10348,4,8,4
10349,6,7,0
10350,8,9,0
10351,5,7,2
10352,1,1,2
10353,1,6,9
10354,1,6,7
10355,5,4,5
10356,8,6,8
10357,1,7,1
10358,3,1,1
11001,9,2,8
11002,6,7,6
11003,9,3,3
11004,5,5,0
11005,4,9,1
11006,3,5,9
11007,8,8,4
11008,5,3,4
11009,1,5,6
11010,9,1,7
11011,5,0,2
11012,6,8,7
11013,1,8,7
11014,8,1,0
11015,7,1,7
11016,8,1,6
11017,1,8,4
11018,9,0,3
11019,3,2,8
11020,5,7,8
11021,5,7,8
11022,0,0,8
11023,7,4,1
11024,4,8,7
11025,3,5,2
11026,7,9,7
11027,2,1,2
11028,1,3,4
11029,3,6,5
11030,4,9,3
11031,8,6,4
11032,3,4,9
11033,0,6,2
11034,4,8,9
11035,7,4,4
11036,1,6,3
11037,7,0,5
11038,0,1,6
11039,2,6,0
11040,1,1,7
11041,4,4,9
11042,3,3,7
11043,2,8,6
11044,4,1,6
11045,5,7,9
11046,9,0,9
11047,3,6,7
11048,6,2,1
11049,4,5,9
11050,0,6,7
11051,6,8,4
11052,5,0,9
11053,8,3,5
11054,7,6,0
11055,8,3,5
11056,6,0,9
11057,3,6,6
11058,6,6,4
11059,3,9,8
11060,1,4,4
11061,4,1,6
11062,6,2,8
11063,1,4,1
11064,6,9,0
11065,7,2,1
11066,0,7,9
11067,4,1,3
11068,5,0,0
11069,2,8,5
11070,8,9,2
11071,0,7,1
11072,7,9,9
11073,0,6,3
11074,7,8,4
11075,9,5,3
11076,6,6,7
11077,7,8,7
11078,5,4,4
11079,8,2,3
11080,9,4,3
11081,7,4,8
11082,1,7,1
11083,8,3,5
11084,2,5,2
11085,9,9,5
11086,9,4,1
11087,0,9,2
11088,6,7,0
11089,1,2,4
11090,0,8,7
11091,2,2,2
11092,7,4,9
11093,5,0,0
11094,1,5,9
11095,8,4,4
11096,0,9,7
11097,6,7,9
11098,1,8,7
11099,8,2,9
11100,2,3,2
11101,2,7,5
11102,9,0,9
11103,4,7,2
11104,5,8,9
11105,7,0,0
11106,6,5,0
11107,9,2,4
11108,3,3,0
11109,2,2,2
11110,3,5,1
11111,2,5,2
11112,0,9,8
11113,7,3,3
11114,3,9,8
11115,3,7,5
11116,7,4,0
11117,7,0,4
11118,0,7,5
11119,2,9,5
11120,9,8,3
11121,6,4,9
11122,0,3,3
11123,5,3,5
11124,7,7,4
11125,3,2,7
11126,2,9,9
11127,5,4,3
11128,7,3,3
11129,4,2,0
11130,0,5,9
11131,2,3,3
11132,6,5,2
11133,4,8,7
11134,4,1,9
11135,4,3,7
11136,3,9,6
11137,2,4,3
11138,9,0,7
11139,5,3,8
11140,8,0,7
11141,6,3,9
11142,8,8,9
11143,0,5,2
11144,1,2,4
11145,1,0,7
11146,3,7,9
11147,8,8,7
11148,5,8,9
11149,8,8,4
11150,8,6,5
11151,9,8,5
11152,9,7,4
11153,6,2,9
11154,7,6,5
11155,6,5,2
11156,2,4,1
11157,4,1,9
11158,1,0,4
11159,8,9,6
11160,7,1,3
11161,8,1,5
11162,2,3,9
11163,3,7,8
11164,6,8,9
11165,5,7,8
11166,8,2,6
11167,4,6,2
11168,2,9,7
11169,5,2,0
11170,3,5,3
11171,9,9,1
11172,2,6,6
11173,9,1,7
11174,3,1,0
11175,9,0,9
11176,5,7,2
11177,8,4,3
11178,1,9,0
11179,1,2,3
11180,5,5,3
11181,5,9,9
11182,2,6,2
11183,7,9,3
11184,0,3,9
11185,4,5,7
11186,7,7,5
11187,8,1,2
11188,7,6,8
11189,0,0,3
11190,1,2,5
11191,4,1,9
11192,8,1,2
11193,7,0,0
11194,8,8,9
11195,8,6,1
11196,7,0,8
11197,3,1,8
11198,6,6,8
11199,0,0,4
11200,7,6,9
11201,6,7,9
11202,6,3,3
11203,5,8,3
11204,5,8,7
11205,6,7,5
11206,8,5,2
11207,6,4,8
11208,6,1,5
11209,2,8,1
11210,9,7,6
11211,3,2,6
11212,3,3,1
11213,8,0,6
11214,2,5,4
11215,7,9,7
11216,5,0,6
11217,6,0,7
11218,9,0,5
11219,5,4,7
11220,6,0,4
11221,3,6,9
11222,4,3,5
11223,6,7,7
11224,4,7,8
11225,8,8,6
11226,6,3,2
11227,8,2,1
11228,3,2,4
11229,1,0,5
11230,8,7,4
11231,8,5,3
11232,9,2,3
11233,5,6,1
11234,0,9,3
11235,3,0,4
11236,7,3,7
11237,3,7,2
11238,0,1,3
11239,8,8,2
11240,0,8,6
11241,6,4,8
11242,9,6,7
11243,7,2,1
11244,9,6,2
11245,3,1,0
11246,0,1,4
11247,4,3,0
11248,4,4,2
11249,7,5,6
11250,3,4,3
11251,4,3,1
11252,4,3,2
11253,6,1,0
11254,8,5,3
11255,5,4,6
11256,9,8,5
11257,1,6,1
11258,3,7,0
11259,8,6,7
11260,6,5,3
11261,5,8,7
11262,9,2,5
11263,5,0,3
11264,3,7,9
11265,4,9,8
11266,4,9,8
11267,7,8,6
11268,3,7,8
11269,8,7,6
11270,1,5,5
11271,0,1,4
11272,9,4,6
11273,8,3,2
11274,3,5,9
11275,0,5,9
11276,8,8,0
11277,3,2,4
11278,9,5,1
11279,3,8,2
11280,8,7,5
11281,2,1,4
11282,8,9,3
11283,9,0,5
11284,2,0,5
11285,2,6,4
11286,2,3,1
11287,6,7,2
11288,6,2,9
11289,5,0,4
11290,6,0,4
11291,0,9,3
11292,3,9,3
11293,2,5,6
11294,9,5,9
11295,3,2,9
11296,8,3,3
11297,4,5,8
11298,0,9,9
11299,0,0,6
11300,8,2,2
11301,6,4,1
11302,4,9,6
11303,1,0,7
11304,3,2,2
11305,1,1,6
11306,6,2,6
11307,9,9,0
11308,6,6,9
11309,7,7,3
11310,8,2,5
11311,0,9,4
11312,3,6,5
11313,4,6,6
11314,7,8,3
11315,3,7,4
11316,5,3,8
11317,4,9,2
11318,4,1,3
11319,3,5,6
11320,8,7,0
11321,3,6,5
11322,3,6,8
11323,4,7,2
11324,1,5,6
11325,0,3,9
11326,0,9,2
11327,4,6,5
11328,8,1,1
11329,6,4,8
11330,8,8,8
11331,9,4,3
11332,8,9,7
11333,3,5,2
11334,8,0,3
11335,4,3,6
11336,7,4,7
11337,3,8,7
11338,8,8,8
11339,5,1,4
11340,9,7,3
11341,8,7,4
11342,2,0,4
11343,9,6,1
11344,3,6,0
11345,2,9,6
11346,4,9,4
11347,2,9,0
11348,2,2,7
11349,0,0,0
11350,9,2,7
11351,3,0,0
11352,1,4,2
11353,0,6,8
11354,3,0,1
11355,5,1,8
11356,4,7,0
11357,2,3,9
11358,7,2,5
12001,0,0,3
12002,4,0,9
12003,1,8,1
12004,9,8,9
12005,6,0,9
12006,3,6,4
12007,6,8,2
12008,8,2,4
12009,3,1,6
12010,0,3,9
12011,9,1,4
12012,4,1,3
12013,3,4,9
12014,0,8,5
12015,2,3,4
12016,7,6,5
12017,5,1,5
12018,4,6,5
12019,8,5,5
12020,0,1,9
12021,1,3,8
12022,6,4,4
12023,7,4,1
12024,3,3,4
12025,9,9,7
12026,8,3,3
12027,0,0,6
12028,6,8,9
12029,7,7,9
12030,6,6,5
12031,9,8,8
12032,5,0,3
12033,1,2,7
12034,7,4,1
12035,2,7,4
12036,0,3,4
12037,4,4,3
12038,5,2,8
12039,8,5,5
12040,8,1,8
12041,3,4,1
12042,8,4,1
12043,3,5,2
12044,6,8,3
12045,4,2,1
12046,3,7,3
12047,4,9,6
12048,8,3,3
12049,0,4,4
12050,7,7,8
12051,4,6,7
12052,8,4,1
12053,5,3,5
12054,0,5,7
12055,0,6,6
12056,1,4,3
12057,6,9,1
12058,2,5,9
12059,3,4,6
12060,4,2,4
12061,7,1,3
12062,3,5,0
12063,7,7,3
12064,8,3,1
12065,3,6,3
12066,0,8,4
12067,4,2,2
12068,9,2,5
12069,7,2,1
12070,3,0,0
12071,6,1,3
12072,9,9,8
12073,4,6,4
12074,2,7,6
12075,9,8,9
12076,0,7,8
12077,4,1,2
12078,6,6,0
12079,0,1,0
12080,7,7,2
12081,3,9,9
12082,9,9,0
12083,6,8,8
12084,2,3,8
12085,4,7,8
12086,7,1,6
12087,6,8,4
12088,5,3,5
12089,2,2,1
12090,6,8,2
12091,8,3,5
12092,7,3,9
12093,6,7,1
12094,6,0,8
12095,9,5,6
12096,7,4,9
12097,6,8,2
12098,6,1,1
12099,1,0,5
12100,4,8,9
12101,3,7,7
12102,9,5,5
12103,2,7,3
12104,3,8,8
12105,5,4,2
12106,6,8,2
12107,2,6,9
12108,3,9,9
12109,2,4,1
12110,7,0,4
12111,4,6,1
12112,7,5,0
12113,4,3,2
12114,0,7,9
12115,0,2,9
12116,4,7,1
12117,0,4,2
12118,8,0,4
12119,8,3,6
12120,4,6,9
12121,6,7,0
12122,4,7,4
12123,6,2,2
12124,9,0,1
12125,6,7,8
12126,2,8,1
12127,2,0,5
12128,1,7,8
12129,9,2,1
12130,2,1,1
12131,5,8,6
12132,6,2,6
12133,6,3,8
12134,0,4,9
12135,5,6,9
12136,7,2,0
12137,8,8,2
12138,3,8,4
12139,7,1,9
12140,0,4,4
12141,2,5,0
12142,9,6,7
12143,9,9,0
12144,2,7,8
12145,8,5,6
12146,7,2,8
12147,5,6,8
12148,5,2,4
12149,9,4,0
12150,5,9,8
12151,6,1,3
12152,7,3,9
12153,3,8,3
12154,2,0,6
12155,8,9,5
12156,4,4,0
12157,5,9,9
12158,7,7,2
12159,9,5,7
12160,9,7,0
12161,5,3,2
12162,2,4,3
12163,6,9,3
12164,7,1,8
12165,0,4,6
12166,8,6,2
12167,2,8,9
12168,6,5,1
12169,7,2,0
12170,7,8,8
12171,7,3,5
12172,4,3,7
12173,5,9,7
12174,2,1,8
12175,0,5,8
12176,4,0,0
12177,0,1,8
12178,3,5,7
12179,1,4,5
12180,9,9,0
12181,6,9,3
12182,4,5,6
12183,7,9,5
12184,1,6,9
12185,4,6,0
12186,6,7,3
12187,9,6,2
12188,6,3,8
12189,4,1,8
12190,3,1,3
12191,5,8,4
12192,5,7,6
12193,2,6,9
12194,1,5,9
12195,2,1,3
12196,9,9,3
12197,5,4,6
12198,1,1,2
12199,8,4,9
12200,2,8,2
12201,7,9,0
12202,1,0,2
12203,1,7,6
12204,3,6,1
12205,9,7,8
12206,6,0,8
12207,7,9,0
12208,7,5,7
12209,2,2,7
12210,5,7,4
12211,4,2,7
12212,1,4,4
12213,6,8,1
12214,3,2,1
12215,0,3,8
12216,7,7,5
12217,8,7,1
12218,1,7,0
12219,9,3,5
12220,0,9,9
12221,3,3,5
12222,2,4,0
12223,3,6,0
12224,5,4,0
12225,4,5,3
12226,0,1,0
12227,7,2,1
12228,0,8,1
12229,4,6,1
12230,6,4,4
12231,7,6,3
12232,1,4,7
12233,2,5,0
12234,6,1,1
12235,4,6,0
12236,9,2,9
12237,0,4,9
12238,0,9,7
12239,0,7,1
12240,0,6,3
12241,5,0,2
12242,9,6,8
12243,1,4,5
12244,4,5,3
12245,2,3,2
12246,5,7,1
12247,1,1,4
12248,9,4,0
12249,5,7,5
12250,9,9,9
12251,1,0,8
12252,8,9,2
12253,8,9,3
12254,6,7,9
12255,4,0,4
12256,0,9,2
12257,3,5,5
12258,7,9,4
12259,0,8,1
12260,4,5,7
12261,6,8,6
12262,5,0,6
12263,4,3,6
12264,0,9,2
12265,8,6,5
12266,1,0,0
12267,4,4,6
12268,6,3,0
12269,1,5,3
12270,5,2,1
12271,6,5,6
12272,9,7,3
12273,7,0,6
12274,5,6,7
12275,3,6,1
12276,1,7,9
12277,9,1,1
12278,6,6,3
12279,9,5,4
12280,0,6,3
12281,0,9,6
12282,0,1,0
12283,1,5,4
12284,5,6,0
12285,6,0,5
12286,0,4,4
12287,2,3,1
12288,5,7,6
12289,8,8,4
12290,9,7,4
12291,0,2,1
12292,2,0,3
12293,0,8,6
12294,1,3,7
12295,2,9,5
12296,4,8,9
12297,8,1,4
12298,8,3,3
12299,0,8,7
12300,9,5,4
12301,5,7,9
12302,3,4,3
12303,5,8,5
12304,4,1,9
12305,7,2,1
12306,3,3,7
12307,6,8,7
12308,2,9,9
12309,2,8,7
12310,6,4,4
12311,6,4,4
12312,0,5,6
12313,1,3,8
12314,6,2,4
12315,0,0,7
12316,7,0,8
12317,1,7,7
12318,8,3,6
12319,0,5,1
12320,0,0,9
12321,1,3,3
12322,1,7,6
12323,8,9,9
12324,8,8,8
12325,1,0,4
12326,8,9,6
12327,4,4,6
12328,8,1,4
12329,6,1,1
12330,2,1,9
12331,0,8,9
12332,8,2,2
12333,0,2,5
12334,5,2,4
12335,8,9,3
12336,5,5,7
12337,4,6,2
12338,3,3,1
12339,2,7,4
12340,6,5,4
12341,4,7,2
12342,4,9,2
12343,7,2,2
12344,4,8,8
12345,3,9,0
12346,4,3,7
12347,4,1,9
12348,8,2,1
12349,0,4,1
12350,8,9,6
12351,9,9,2
12352,9,4,4
12353,4,6,9
12354,1,8,3
12355,3,6,9
12356,4,6,2
12357,1,1,1
12358,0,1,2
12359,1,4,6
13001,5,2,4
13002,5,9,9
13003,7,2,4
13004,1,8,4
13005,4,6,8
13006,8,5,3
13007,6,2,6
13008,5,9,9
13009,5,7,4
13010,6,8,8
13011,6,1,8
13012,7,6,0
13013,2,9,2
13014,2,6,6
13015,6,4,7
13016,7,0,8
13017,3,5,9
13018,8,2,4
13019,5,6,7
13020,9,6,3
13021,7,1,9
13022,7,4,4
13023,6,7,2
13024,8,5,9
13025,3,2,2
13026,8,9,5
13027,4,9,0
13028,0,7,2
13029,7,2,2
13030,3,5,4
13031,5,9,3
13032,8,9,8
13033,3,2,5
13034,6,9,0
13035,4,4,6
13036,9,2,1
13037,3,6,5
13038,8,0,6
13039,9,1,1
13040,8,9,8
13041,9,8,6
13042,0,9,1
13043,5,3,0
13044,7,3,1
13045,2,9,9
13046,4,4,6
13047,0,7,2
13048,2,6,3
13049,7,2,8
13050,2,2,1
13051,6,5,2
13052,6,4,2
13053,2,1,2
13054,7,3,2
13055,0,5,3
13056,4,8,1
13057,6,3,9
13058,2,4,8
13059,9,5,4
13060,5,3,0
13061,1,0,6
13062,1,4,3
13063,8,8,2
13064,4,6,5
13065,2,2,2
13066,1,5,8
13067,0,4,4
13068,2,4,4
13069,1,1,9
13070,1,4,9
13071,0,4,0
13072,3,3,0
13073,0,4,3
13074,8,5,8
13075,9,5,4
13076,5,4,5
13077,9,1,1
13078,6,6,6
13079,1,5,4
13080,2,3,7
13081,8,4,2
13082,5,4,6
13083,7,5,2
13084,1,2,5
13085,5,2,7
13086,6,7,9
13087,0,0,7
13088,8,0,6
13089,0,3,0
13090,1,4,3
13091,0,2,2
13092,6,9,1
13093,4,7,3
13094,5,0,2
13095,5,0,2
13096,3,4,2
13097,4,9,3
13098,2,4,9
13099,0,7,8
13100,7,6,4
13101,2,3,8
13102,8,6,2
13103,9,7,9
13104,8,4,5
13105,8,2,0
13106,5,1,1
13107,7,6,0
13108,3,2,0
13109,0,6,2
13110,1,6,4
13111,1,8,1
13112,6,0,6
13113,5,9,3
13114,2,4,6
13115,9,8,8
13116,0,4,7
13117,8,2,9
13118,4,0,5
13119,0,9,9
13120,2,9,0
13121,5,6,5
13122,8,7,7
13123,0,5,7
13124,3,6,3
13125,4,4,3
13126,6,3,0
13127,5,3,9
13128,0,8,2
13129,0,8,6
13130,0,4,3
13131,3,9,2
13132,1,0,4
13133,0,2,2
13134,2,6,0
13135,3,4,9
13136,5,6,8
13137,1,0,2
13138,0,4,0
13139,0,3,2
13140,8,5,7
13141,4,6,2
13142,9,1,4
13143,8,6,2
13144,1,5,2
13145,2,8,0
13146,7,2,1
13147,6,2,2
13148,8,0,3
13149,9,3,6
13150,0,3,6
13151,8,7,6
13152,4,3,8
13153,2,7,0
13154,9,5,4
13155,0,9,6
13156,1,2,8
13157,5,8,8
13158,4,7,0
13159,5,5,4
13160,0,3,6
13161,1,3,3
13162,1,9,9
13163,1,4,2
13164,9,5,1
13165,5,8,1
13166,4,4,4
13167,3,4,1
13168,8,4,4
13169,2,7,3
13170,4,7,8
13171,0,2,7
13172,2,1,9
13173,3,8,4
13174,2,6,1
13175,6,5,2
13176,6,4,1
13177,3,9,6
13178,6,2,4
13179,5,1,1
13180,6,6,9
13181,1,5,3
13182,6,5,8
13183,4,5,2
13184,8,2,9
13185,2,8,6
13186,5,9,2
13187,2,6,6
13188,6,5,4
13189,2,9,5
13190,1,5,7
13191,4,7,3
13192,5,5,6
13193,7,7,5
13194,5,0,8
13195,5,0,0
13196,6,6,6
13197,2,8,0
13198,5,5,3
13199,6,6,1
13200,4,6,8
13201,2,2,8
13202,1,3,7
13203,0,3,1
13204,4,9,9
13205,8,4,3
13206,1,7,3
13207,9,5,9
13208,4,2,1
13209,5,6,2
13210,5,3,9
13211,7,3,4
13212,1,4,3
13213,3,3,8
13214,7,7,9
13215,5,4,1
13216,0,0,5
13217,8,9,8
13218,1,4,7
13219,5,2,7
13220,3,0,0
13221,6,0,9
13222,6,0,5
13223,5,7,1
13224,0,0,0
13225,9,5,2
13226,0,8,3
13227,5,5,9
13228,7,5,6
13229,2,9,0
13230,4,5,2
13231,0,5,9
13232,6,4,7
13233,4,2,2
13234,5,6,5
13235,9,0,9
13236,5,5,7
13237,6,8,2
13238,6,9,5
13239,6,9,2
13240,7,5,1
13241,8,6,6
13242,5,1,1
13243,4,8,1
13244,6,4,2
13245,3,0,4
13246,2,7,4
13247,6,7,3
13248,4,7,7
13249,6,9,0
13250,7,1,4
13251,6,5,9
13252,9,7,8
13253,6,8,7
13254,8,3,8
13255,0,1,5
13256,2,8,6
13257,6,2,7
13258,9,3,0
13259,0,4,4
13260,8,5,4
13261,5,6,3
13262,4,3,3
13263,5,2,1
13264,0,3,5
13265,8,2,1
13266,9,2,6
13267,9,1,5
13268,8,3,1
13269,3,0,5
13270,2,5,3
13271,7,9,1
13272,6,9,0
13273,4,1,8
13274,6,9,5
13275,1,6,5
13276,8,4,5
13277,4,5,3
13278,3,9,3
13279,9,0,0
13280,5,7,5
13281,9,9,7
13282,9,0,1
13283,3,1,4
13284,8,5,4
13285,5,7,1
13286,2,4,7
13287,9,0,9
13288,9,2,6
13289,6,0,7
13290,6,6,3
13291,5,5,6
13292,9,4,9
13293,4,2,1
13294,7,3,2
13295,8,2,0
13296,5,5,7
13297,3,8,9
13298,3,3,7
13299,0,8,7
13300,1,9,2
13301,3,7,6
13302,3,1,6
13303,8,2,0
13304,0,1,4
13305,2,3,8
13306,1,2,0
13307,5,9,8
13308,2,5,7
13309,3,0,8
13310,8,7,3
13311,6,9,4
13312,4,6,9
13313,7,1,3
13314,7,0,0
13315,4,9,7
13316,8,3,2
13317,4,5,5
13318,7,8,0
13319,9,1,8
13320,3,8,8
13321,8,0,0
13322,1,5,7
13323,5,2,5
13324,1,6,9
13325,7,7,5
13326,3,3,1
13327,7,7,5
13328,9,0,1
13329,3,5,8
13330,8,9,3
13331,1,8,9
13332,7,2,6
13333,6,6,5
13334,4,3,9
13335,8,5,2
13336,1,6,6
13337,3,2,6
13338,5,4,9
13339,9,5,8
13340,4,1,4
13341,1,5,6
13342,2,5,4
13343,6,6,1
13344,1,1,0
13345,0,6,7
13346,7,6,7
13347,7,9,7
13348,5,6,6
13349,8,3,3
13350,0,5,2
13351,2,1,1
13352,4,5,4
13353,5,8,9
13354,9,9,7
13355,0,3,0
13356,8,0,0
13357,1,5,4
13358,9,8,8
14001,9,6,3
14002,3,7,5
14003,6,1,2
14004,9,2,9
14005,1,2,1
14006,3,4,4
14007,4,2,4
14008,1,3,4
14009,6,1,8
14010,4,1,6
14011,5,3,7
14012,9,0,2
14013,6,0,0
14014,5,3,5
14015,1,7,5
14016,9,8,2
14017,0,7,1
14018,0,2,1
14019,4,3,0
14020,1,8,2
14021,3,5,4
14022,6,0,3
14023,6,4,9
14024,2,2,4
14025,2,0,7
14026,1,0,7
14027,7,2,7
14028,4,4,0
14029,6,0,5
14030,4,0,5
14031,8,9,1
14032,2,6,6
14033,9,4,9
14034,5,1,8
14035,4,6,7
14036,1,0,4
14037,1,8,5
14038,2,9,1
14039,9,2,2
14040,9,0,1
14041,7,2,5
14042,3,6,3
14043,5,0,1
14044,3,5,4
14045,7,4,7
14046,5,8,4
14047,8,9,8
14048,8,6,1
14049,9,0,8
14050,4,2,4
14051,5,3,6
14052,0,3,2
14053,8,1,2
14054,7,2,5
14055,8,0,7
14056,6,7,8
14057,5,0,1
14058,3,2,2
14059,4,2,9
14060,9,3,2
14061,2,2,5
14062,3,8,2
14063,4,7,8
14064,2,1,8
14065,2,9,0
14066,0,0,3
14067,3,1,8
14068,1,0,2
14069,0,6,4
14070,1,1,9
14071,2,9,2
14072,4,8,8
14073,0,4,2
14074,5,0,0
14075,4,1,4
14076,3,8,2
14077,7,4,7
14078,4,6,7
14079,7,9,4
14080,5,8,7
14081,2,0,6
14082,3,2,4
14083,0,9,3
14084,9,8,7
14085,2,4,3
14086,7,9,5
14087,8,4,4
14088,5,7,1
14089,6,6,0
14090,8,3,8
14091,4,9,6
14092,5,0,8
14093,1,9,6
14094,1,8,9
14095,7,7,5
14096,2,1,6
14097,7,7,4
14098,1,3,9
14099,4,6,4
14100,2,6,9
14101,1,0,9
14102,7,5,0
14103,8,3,2
14104,5,7,6
14105,4,9,0
14106,0,8,2
14107,6,3,9
14108,1,6,8
14109,6,5,2
14110,4,7,5
14111,9,0,5
14112,0,1,3
14113,7,5,8
14114,2,1,4
14115,1,6,5
14116,9,0,6
14117,8,9,5
14118,1,9,4
14119,9,0,4
14120,2,4,4
14121,5,8,0
14122,2,0,3
14123,8,3,1
14124,3,9,5
14125,1,4,7
14126,8,4,8
14127,2,2,7
14128,2,1,5
14129,0,8,8
14130,0,1,4
14131,5,9,4
14132,3,5,1
14133,0,0,6
14134,6,3,3
14135,1,4,4
14136,2,6,8
14137,5,5,8
14138,3,8,7
14139,1,3,8
14140,7,6,6
14141,8,1,0
14142,6,5,6
14143,6,7,5
14144,8,6,5
14145,4,1,5
14146,8,1,8
14147,1,4,2
14148,2,9,5
14149,6,8,9
14150,0,2,8
14151,9,8,7
14152,0,2,8
14153,3,0,8
14154,2,6,8
14155,2,1,3
14156,1,5,9
14157,0,7,9
14158,3,7,0
14159,0,9,0
14160,9,2,8
14161,5,5,0
14162,7,2,9
14163,3,0,2
14164,9,9,3
14165,1,5,2
14166,0,9,9
14167,7,6,5
14168,1,9,8
14169,1,0,4
14170,2,5,7
14171,6,3,0
14172,9,5,9
14173,8,8,8
14174,4,0,9
14175,6,9,1
14176,0,3,4
14177,5,8,0
14178,9,0,9
14179,2,6,4
14180,7,5,9
14181,7,2,7
14182,7,5,3
14183,7,7,4
14184,5,2,3
14185,4,5,2
14186,6,0,5
14187,3,2,6
14188,3,0,2
14189,5,5,0
14190,5,3,7
14191,7,5,7
14192,5,3,9
14193,5,1,3
14194,0,4,6
14195,8,4,0
14196,4,6,0
14197,9,7,4
14198,8,9,3
14199,2,5,1
14200,0,2,5
14201,8,3,4
14202,4,7,5
14203,4,1,1
14204,5,6,4
14205,9,0,7
14206,9,0,6
14207,1,4,7
14208,7,7,8
14209,7,1,2
14210,4,0,5
14211,2,0,5
14212,0,5,6
14213,7,7,5
14214,2,1,4
14215,6,0,9
14216,0,3,3
14217,1,3,7
14218,8,0,8
14219,2,9,5
14220,4,4,9
14221,2,7,2
14222,5,0,4
14223,8,0,4
14224,6,9,6
14225,7,9,2
14226,1,9,3
14227,3,2,6
14228,2,4,3
14229,4,7,4
14230,0,8,3
14231,4,6,3
14232,6,1,4
14233,9,2,1
14234,0,7,1
14235,7,4,8
14236,8,4,1
14237,6,8,5
14238,4,1,9
14239,7,2,4
14240,8,6,4
14241,8,5,8
14242,2,4,5
14243,7,9,9
14244,3,0,2
14245,6,1,9
14246,2,2,2
14247,2,2,9
14248,4,4,1
14249,8,1,0
14250,1,7,7
14251,4,2,1
14252,5,5,7
14253,4,4,1
14254,9,2,4
14255,6,9,1
14256,7,7,1
14257,6,6,6
14258,4,5,2
14259,1,1,0
14260,3,6,6
14261,4,1,2
14262,2,1,9
14263,8,5,7
14264,1,0,7
14265,4,5,9
14266,5,0,6
14267,1,4,9
14268,7,4,0
14269,0,3,2
14270,6,5,8
14271,7,7,0
14272,4,1,7
14273,5,8,5
14274,4,7,5
14275,2,8,6
14276,4,9,7
14277,5,1,3
14278,7,3,9
14279,5,9,2
14280,1,3,1
14281,7,9,4
14282,5,9,0
14283,3,4,3
14284,0,1,8
14285,8,2,6
14286,9,8,8
14287,2,7,5
14288,2,4,5
14289,0,4,8
14290,4,3,3
14291,4,8,8
14292,8,4,1
14293,3,5,9
14294,8,1,5
14295,7,9,4
14296,3,9,9
14297,8,8,8
14298,2,8,0
14299,5,3,2
14300,2,9,0
14301,5,2,4
14302,8,6,2
14303,0,7,8
14304,7,5,0
14305,0,0,4
14306,1,3,1
14307,2,9,6
14308,1,8,0
14309,3,8,2
14310,4,8,9
14311,2,9,6
14312,3,7,7
14313,4,0,2
14314,7,9,5
14315,1,5,3
14316,3,7,1
14317,0,5,9
14318,5,9,4
14319,6,9,6
14320,2,3,6
14321,6,5,2
14322,9,6,9
14323,8,2,6
14324,5,8,9
14325,0,3,7
14326,8,8,1
14327,3,5,4
14328,5,4,3
14329,3,5,9
14330,7,8,0
14331,7,1,3
14332,6,6,6
14333,6,9,5
14334,3,9,4
14335,9,0,1
14336,7,5,3
14337,6,6,2
14338,3,9,8
14339,5,8,9
14340,1,2,9
14341,7,1,1
14342,9,7,6
14343,6,8,7
14344,0,9,7
14345,5,1,2
14346,2,0,4
14347,9,8,2
14348,1,6,8
14349,6,6,1
14350,2,6,6
14351,6,8,8
14352,0,6,0
14353,3,5,5
14354,0,6,9
14355,9,5,0
14356,7,8,6
14357,3,6,2
15001,3,9,7
15002,7,4,9
15003,5,2,4
15004,1,4,2
15005,6,9,3
15006,9,4,7
15007,0,3,9
15008,6,1,3
15009,5,7,4
15010,8,6,2
15011,3,1,8
15012,8,6,4
15013,4,1,2
15014,4,0,3
15015,8,4,5
15016,2,9,0
15017,8,8,0
15018,8,3,1
15019,9,1,4
15020,2,1,6
15021,3,3,9
15022,7,5,8
15023,4,9,6
15024,6,0,6
15025,3,8,1
15026,8,3,3
15027,2,8,1
15028,3,5,7
15029,9,2,7
15030,8,2,0
15031,5,2,4
15032,4,1,3
15033,9,8,6
15034,0,4,9
15035,6,7,4
15036,8,7,1
15037,1,5,1
15038,9,2,2
15039,5,4,8
15040,4,6,6
15041,5,3,8
15042,2,3,2
15043,7,5,1
15044,7,2,5
15045,5,7,7
15046,3,0,5
15047,8,0,0
15048,0,8,5
15049,2,5,1
15050,0,3,9
15051,9,5,1
15052,5,9,8
15053,7,4,7
15054,0,6,3
15055,9,6,9
15056,8,1,3
15057,7,7,9
15058,8,8,9
15059,0,2,4
15060,4,4,7
15061,9,1,8
15062,0,6,8
15063,1,3,8
15064,5,2,7
15065,6,9,6
15066,2,0,8
15067,7,1,8
15068,5,5,9
15069,9,8,6
15070,4,1,8
15071,7,5,9
15072,7,9,3
15073,9,4,2
15074,4,4,1
15075,4,2,3
15076,9,3,7
15077,9,6,5
15078,1,1,4
15079,5,2,8
15080,3,2,0
15081,6,0,3
15082,2,5,5
15083,0,1,3
15084,9,4,1
15085,4,1,6
15086,9,3,0
15087,0,1,3
15088,1,0,8
15089,6,5,4
15090,6,8,4
15091,7,9,5
15092,7,0,3
15093,6,0,2
15094,5,4,6
15095,2,3,7
15096,2,1,8
15097,6,8,8
15098,4,1,3
15099,7,7,1
15100,5,3,6
15101,6,3,3
15102,3,9,5
15103,4,9,9
15104,9,8,6
15105,7,0,0
15106,6,8,8
15107,7,1,0
15108,8,6,5
15109,6,4,9
15110,8,2,4
15111,9,7,2
15112,9,7,1
15113,7,7,7
15114,3,1,0
15115,6,2,3
15116,7,6,8
15117,7,6,0
15118,2,7,3
15119,6,1,4
15120,8,7,4
15121,6,4,0
15122,6,7,5
15123,5,9,0
15124,5,1,3
15125,5,4,4
15126,2,1,1
15127,0,8,1
15128,8,9,2
15129,2,3,2
15130,5,1,2
15131,7,7,4
15132,3,9,3
15133,9,5,6
15134,1,5,6
15135,0,2,7
15136,8,8,4
15137,2,2,9
15138,4,7,3
15139,8,1,1
15140,6,7,7
15141,9,2,9
15142,2,9,6
15143,2,4,0
15144,0,5,4
15145,6,2,7
15146,3,1,8
15147,0,7,5
15148,1,6,1
15149,0,8,4
15150,7,7,5
15151,4,5,5
15152,6,8,1
15153,0,8,8
15154,2,2,4
15155,4,0,5
15156,9,7,3
15157,0,8,4
15158,7,6,3
15159,7,2,2
15160,1,7,3
15161,6,6,2
15162,0,7,6
15163,6,4,6
15164,3,9,2
15165,3,8,9
15166,5,3,3
15167,3,5,6
15168,7,4,4
15169,1,6,0
15170,9,0,0
15171,4,1,0
15172,4,0,6
15173,5,3,7
15174,9,3,4
15175,6,1,6
15176,7,6,2
15177,0,7,0
15178,7,2,0
15179,5,3,5
15180,0,2,0
15181,8,6,8
15182,7,8,4
15183,6,5,3
15184,2,9,1
15185,7,9,8
15186,7,8,5
15187,0,5,8
15188,3,1,9
15189,7,6,2
15190,6,8,8
15191,5,1,4
15192,6,6,6
15193,7,0,2
15194,2,7,7
15195,9,4,6
15196,8,6,2
15197,4,0,2
15198,3,1,3
15199,8,6,7
15200,9,3,4
15201,0,6,3
15202,3,9,5
15203,6,4,7
15204,0,6,8
15205,2,1,2
15206,8,8,1
15207,3,3,8
15208,3,5,3
15209,7,2,7
15210,7,2,8
15211,9,5,1
15212,6,1,4
15213,0,5,5
15214,1,9,0
15215,1,5,4
15216,2,5,4
15217,2,4,2
15218,2,3,2
15219,1,9,2
15220,3,2,8
15221,7,8,1
15222,4,3,8
15223,3,8,7
15224,6,4,1
15225,8,5,9
15226,4,4,0
15227,4,4,2
15228,3,1,2
15229,9,9,1
15230,7,2,7
15231,5,0,9
15232,5,3,2
15233,9,8,3
15234,4,3,6
15235,4,6,5
15236,9,1,0
15237,3,0,4
15238,1,2,7
15239,9,3,1
15240,6,8,9
15241,6,5,1
15242,6,7,8
15243,0,0,8
15244,3,5,0
15245,9,8,7
15246,7,7,8
15247,0,6,5
15248,2,5,1
15249,4,6,1
15250,7,1,3
15251,4,9,4
15252,4,5,1
15253,2,9,2
15254,3,4,3
15255,4,3,0
15256,1,5,6
15257,0,2,3
15258,3,7,4
15259,9,5,2
15260,2,5,8
15261,8,3,3
15262,2,5,2
15263,2,1,6
15264,1,7,3
15265,9,2,5
15266,0,8,4
15267,6,5,2
15268,8,0,8
15269,2,5,8
15270,1,1,5
15271,9,7,9
15272,4,1,9
15273,2,5,4
15274,3,0,6
15275,9,3,4
15276,8,9,1
15277,4,8,3
15278,0,1,1
15279,2,1,7
15280,9,8,8
15281,0,9,0
15282,4,9,2
15283,2,3,4
15284,6,3,2
15285,4,2,1
15286,0,7,4
15287,0,5,0
15288,8,4,2
15289,5,2,9
15290,0,6,4
15291,1,2,0
15292,2,9,6
15293,4,3,2
15294,0,4,1
15295,3,0,5
15296,9,0,5
15297,4,4,0
15298,5,9,4
15299,6,2,7
15300,8,4,5
15301,4,4,9
15302,6,4,2
15303,4,4,1
15304,2,7,1
15305,5,4,9
15306,2,1,7
15307,0,6,9
15308,3,7,9
15309,0,0,3
15310,2,5,7
15311,2,3,3
15312,4,3,5
15313,5,5,5
15314,0,6,5
15315,7,5,0
15316,0,2,1
15317,8,1,2
15318,3,4,9
15319,6,1,9
15320,8,8,4
15321,8,3,6
15322,6,4,4
15323,1,6,9
15324,7,9,3
15325,9,2,9
15326,8,7,5
15327,4,2,9
15328,4,9,7
15329,6,7,5
15330,0,5,6
15331,7,8,0
15332,6,9,0
15333,3,8,8
15334,0,5,2
15335,5,6,2
15336,6,5,8
15337,9,1,3
15338,9,0,9
15339,9,9,7
15340,8,2,8
15341,6,6,4
15342,5,9,6
15343,5,8,0
15344,2,5,3
15345,2,9,3
15346,7,0,1
15347,1,4,5
15348,8,7,8
15349,7,5,0
15350,8,1,3
15351,9,7,4
15352,9,1,8
15353,3,4,9
15354,3,9,1
15355,8,7,1
15356,3,9,7
15357,4,3,2
15358,0,0,9
16001,8,2,8
16002,5,6,7
16003,5,7,3
16004,5,4,3
16005,4,3,9
16006,1,0,1
16007,1,7,4
16008,9,6,7
16009,6,4,8
16010,8,2,3
16011,4,6,1
16012,5,3,0
16013,0,1,9
16014,9,2,5
16015,6,8,6
16016,8,4,1
16017,8,6,1
16018,6,4,6
16019,8,8,3
16020,6,9,3
16021,4,0,2
16022,7,4,4
16023,0,4,1
16024,0,9,1
16025,5,0,0
16026,4,0,3
16027,7,2,9
16028,2,6,2
16029,2,2,5
16030,9,8,8
16031,4,5,7
16032,5,5,5
16033,0,0,2
16034,1,0,2
16035,0,5,1
16036,2,5,8
16037,6,2,4
16038,8,2,3
16039,5,0,3
16040,0,4,7
16041,7,2,0
16042,7,2,9
16043,9,4,4
16044,0,1,2
16045,6,1,2
16046,1,2,6
16047,1,3,2
16048,3,3,7
16049,6,1,8
16050,1,4,0
16051,1,0,2
16052,7,9,2
16053,4,4,7
16054,7,3,6
16055,3,2,3
16056,6,6,5
16057,7,6,4
16058,1,1,9
16059,0,7,8
16060,6,8,6
16061,6,7,5
16062,4,7,7
16063,4,9,1
16064,4,5,5
16065,0,1,6
16066,4,5,5
16067,4,4,5
16068,0,1,3
16069,9,9,5
16070,7,8,9
16071,5,3,0
16072,2,9,9
16073,9,7,2
16074,9,5,1
16075,6,3,7
16076,6,0,6
16077,7,8,2
16078,4,6,7
16079,3,9,0
16080,6,7,0
16081,1,5,0
16082,7,4,8
16083,2,3,4
16084,0,2,3
16085,9,9,7
16086,0,6,5
16087,9,1,7
16088,5,4,7
16089,9,8,3
16090,8,6,7
16091,1,3,3
16092,2,7,3
16093,9,8,2
16094,9,6,0
16095,8,6,9
16096,4,1,0
16097,1,1,1
16098,9,8,2
16099,3,3,2
16100,0,3,7
16101,6,0,3
16102,8,8,5
16103,7,6,2
16104,2,1,9
16105,6,1,1
16106,0,3,7
16107,2,4,0
16108,2,3,6
16109,0,7,1
16110,7,7,2
16111,4,7,6
16112,6,1,1
16113,2,9,7
16114,2,1,8
16115,0,0,2
16116,4,8,8
16117,9,4,5
16118,3,6,9
16119,1,3,9
16120,8,7,7
16121,5,6,4
16122,4,3,6
16123,1,4,7
16124,8,5,6
16125,2,0,1
16126,0,6,3
16127,9,9,7
16128,7,4,4
16129,4,0,5
16130,2,4,7
16131,6,6,5
16132,4,9,1
16133,7,1,1
16134,9,2,3
16135,1,4,4
16136,6,6,5
16137,9,6,6
16138,1,3,3
16139,1,8,8
16140,6,5,6
16141,7,2,0
16142,3,4,7
16143,1,1,2
16144,5,6,8
16145,0,1,4
16146,1,4,5
16147,9,7,6
16148,7,8,7
16149,7,5,7
16150,1,1,4
16151,6,1,6
16152,1,2,5
16153,6,2,2
16154,7,1,2
16155,9,9,9
16156,3,1,6
16157,6,0,3
16158,6,1,7
16159,8,3,5
16160,6,5,7
16161,8,4,5
16162,7,0,8
16163,9,7,0
16164,7,2,3
16165,5,7,1
16166,4,1,2
16167,9,6,9
16168,9,0,0
16169,1,9,6
16170,4,0,9
16171,0,5,8
16172,7,6,0
16173,2,6,2
16174,1,1,1
16175,6,3,0
16176,7,6,5
16177,5,8,5
16178,9,0,0
16179,4,5,6
16180,6,3,2
16181,4,3,7
16182,2,0,0
16183,5,7,3
16184,3,5,9
16185,5,4,2
16186,8,1,1
16187,3,0,7
16188,8,4,2
16189,1,3,1
16190,0,2,6
16191,2,0,8
16192,3,2,5
16193,7,8,3
16194,5,5,7
16195,0,2,4
16196,3,3,9
16197,3,0,0
16198,2,8,9
16199,5,1,0
16200,5,8,3
16201,3,7,4
16202,5,8,4
16203,0,4,4
16204,2,4,4
16205,4,3,5
16206,7,8,8
16207,7,7,5
16208,2,8,4
16209,2,9,9
16210,3,0,5
16211,4,6,3
16212,6,9,3
16213,6,5,8
16214,7,0,9
16215,7,8,7
16216,3,9,8
16217,4,4,9
16218,9,0,0
16219,0,4,7
16220,0,7,3
16221,6,1,2
16222,4,2,5
16223,0,6,3
16224,6,5,6
16225,6,3,6
16226,0,1,6
16227,3,9,7
16228,8,6,5
16229,0,4,2
16230,5,6,6
16231,2,8,5
16232,9,1,6
16233,5,6,8
16234,9,7,6
16235,4,5,0
16236,2,6,3
16237,2,8,4
16238,5,4,3
16239,5,8,5
16240,6,3,9
16241,3,2,0
16242,7,5,2
16243,4,1,6
16244,1,5,3
16245,3,8,9
16246,7,8,2
16247,8,8,2
16248,7,2,7
16249,9,7,3
16250,1,6,2
16251,3,0,6
16252,4,5,9
16253,6,9,1
16254,6,5,2
16255,3,3,5
16256,1,3,7
16257,3,8,9
16258,9,6,1
16259,3,9,6
16260,0,3,8
16261,9,9,4
16262,3,5,8
16263,1,1,0
16264,6,7,1
16265,6,9,5
16266,6,4,0
16267,1,4,1
16268,0,7,6
16269,2,2,1
16270,0,4,2
16271,8,7,5
16272,1,9,6
16273,5,8,3
16274,9,0,5
16275,8,2,0
16276,9,6,4
16277,5,8,4
16278,2,3,2
16279,5,0,6
16280,8,0,2
16281,1,3,6
16282,8,2,8
16283,0,0,4
16284,4,6,7
16285,7,2,8
16286,6,2,3
16287,8,9,0
16288,4,3,0
16289,7,3,6
16290,6,3,1
16291,1,9,6
16292,2,4,0
16293,8,0,4
16294,6,1,2
16295,3,9,2
16296,4,7,9
16297,8,5,3
16298,7,3,3
16299,5,1,7
16300,1,8,9
16301,8,8,8
16302,5,1,8
16303,7,5,1
16304,4,7,0
16305,3,6,8
16306,7,4,0
16307,5,8,6
16308,1,2,6
16309,2,2,5
16310,7,9,4
16311,8,4,1
16312,6,6,4
16313,3,1,4
16314,2,3,5
16315,4,9,7
16316,2,1,4
16317,8,8,6
16318,1,4,2
16319,4,1,9
16320,3,4,9
16321,6,0,6
16322,2,7,1
16323,8,4,0
16324,1,7,3
16325,6,6,8
16326,3,6,3
16327,6,5,6
16328,8,6,5
16329,9,5,1
16330,5,6,4
16331,6,7,3
16332,4,4,5
16333,9,7,5
16334,3,5,5
16335,5,3,8
16336,1,5,0
16337,5,2,8
16338,4,0,1
16339,5,4,8
16340,6,4,8
16341,0,3,9
16342,6,3,3
16343,8,0,7
16344,1,0,3
16345,5,6,2
16346,1,0,0
16347,5,8,9
16348,7,5,7
16349,1,5,4
16350,5,1,9
16351,4,7,5
16352,4,2,4
16353,4,5,3
16354,5,3,3
16355,7,1,9
16356,1,8,0
16357,2,2,2
16358,1,4,3
16359,8,9,6
17001,0,9,2
17002,7,5,8
17003,3,7,4
17004,6,1,6
17005,3,4,2
17006,4,2,6
17007,6,9,2
17008,5,9,7
17009,3,1,7
17010,2,6,1
17011,4,8,6
17012,0,5,9
17013,0,3,9
17014,4,2,8
17015,6,8,6
17016,7,9,6
17017,8,9,7
17018,3,9,7
17019,8,4,4
17020,5,2,6
17021,8,7,4
17022,6,7,7
17023,2,3,7
17024,0,4,3
17025,2,7,7
17026,0,8,1
17027,3,2,5
17028,9,5,5
17029,8,0,4
17030,8,9,6
17031,5,0,2
17032,7,3,8
17033,7,8,5
17034,8,9,5
17035,8,9,0
17036,4,7,2
17037,3,8,0
17038,8,2,3
17039,5,9,8
17040,3,9,5
17041,9,8,2
17042,1,4,9
17043,5,0,8
17044,1,3,8
17045,7,3,5
17046,8,8,7
17047,2,8,3
17048,1,6,4
17049,6,6,5
17050,3,0,7
17051,4,4,4
17052,1,5,9
17053,9,2,1
17054,7,0,2
17055,3,6,6
17056,2,3,2
17057,9,2,1
17058,7,3,0
17059,6,6,2
17060,5,4,6
17061,1,9,8
17062,8,8,7
17063,7,6,8
17064,1,6,5
17065,5,5,2
17066,8,4,8
17067,3,8,2
17068,2,1,7
17069,9,4,6
17070,3,3,3
17071,8,4,2
17072,9,4,8
17073,0,3,1
17074,6,5,6
17075,9,0,0
17076,3,8,9
17077,6,3,4
17078,6,3,3
17079,4,8,5
17080,1,8,8
17081,2,1,0
17082,5,5,3
17083,5,6,4
17084,8,3,6
17085,7,2,2
17086,9,4,4
17087,2,3,7
17088,5,6,1
17089,3,8,9
17090,2,8,3
17091,6,7,6
17092,7,5,9
17093,5,8,0
17094,0,9,8
17095,3,2,3
17096,8,0,9
17097,8,0,6
17098,2,2,8
17099,9,9,6
17100,8,1,3
17101,3,9,0
17102,0,5,9
17103,0,4,4
17104,7,8,2
17105,8,4,6
17106,4,0,2
17107,9,5,1
17108,7,2,7
17109,0,3,0
17110,8,1,5
17111,6,5,8
17112,6,8,6
17113,1,5,7
17114,6,8,1
17115,5,6,7
17116,2,1,3
17117,2,9,9
17118,4,9,9
17119,5,2,2
17120,4,5,8
17121,0,5,4
17122,4,8,6
17123,4,9,2
17124,0,8,1
17125,2,5,5
17126,2,5,8
17127,7,3,9
17128,4,5,2
17129,3,6,5
17130,5,8,9
17131,9,1,9
17132,3,0,5
17133,1,6,6
17134,6,9,7
17135,5,2,5
17136,5,1,0
17137,1,2,2
17138,0,2,0
17139,3,6,0
17140,2,0,4
17141,6,0,4
17142,0,1,3
17143,1,7,7
17144,2,3,9
17145,5,9,1
17146,9,4,2
17147,3,3,1
17148,1,5,2
17149,9,8,7
17150,5,2,9
17151,0,7,8
17152,8,0,2
17153,8,8,5
17154,2,1,5
17155,0,0,4
17156,0,0,7
17157,8,1,8
17158,0,8,3
17159,1,2,3
17160,9,4,6
17161,8,3,0
17162,8,1,4
17163,7,5,9
17164,4,4,7
17165,3,3,0
17166,6,4,4
17167,7,9,5
17168,1,7,5
17169,6,4,4
17170,5,4,4
17171,1,9,0
17172,4,9,6
17173,7,1,2
17174,9,6,0
17175,3,7,6
17176,6,0,2
17177,6,7,0
17178,3,0,3
17179,0,6,6
17180,5,8,6
17181,4,8,4
17182,9,7,5
17183,4,0,9
17184,1,2,9
17185,3,7,0
17186,9,6,7
17187,8,3,1
17188,2,0,9
17189,9,6,0
17190,4,4,6
17191,9,7,8
17192,2,7,9
17193,8,8,0
17194,6,2,5
17195,3,1,9
17196,4,3,6
17197,5,9,4
17198,7,5,4
17199,3,3,0
17200,9,3,5
17201,4,4,5
17202,4,6,1
17203,2,4,3
17204,2,3,2
17205,6,4,9
17206,3,7,5
17207,6,9,7
17208,1,0,8
17209,3,9,1
17210,9,1,1
17211,1,1,6
17212,0,0,2
17213,7,2,7
17214,4,2,3
17215,2,1,2
17216,8,7,1
17217,7,9,6
17218,5,7,3
17219,4,9,3
17220,6,4,3
17221,4,4,7
17222,7,0,7
17223,4,9,6
17224,6,3,4
17225,4,8,8
17226,3,3,5
17227,2,4,7
17228,3,8,9
17229,4,8,7
17230,6,7,4
17231,4,2,0
17232,8,4,4
17233,1,8,7
17234,4,6,6
17235,1,5,6
17236,5,1,5
17237,2,1,0
17238,9,2,1
17239,6,0,5
17240,5,1,7
17241,9,3,9
17242,8,9,3
17243,3,3,5
17244,8,3,2
17245,6,2,3
17246,1,1,1
17247,9,4,5
17248,8,4,9
17249,3,6,1
17250,8,5,6
17251,1,5,1
17252,1,7,8
17253,7,7,8
17254,9,1,5
17255,9,4,8
17256,1,3,2
17257,2,2,3
17258,8,7,1
17259,4,8,7
17260,9,2,9
17261,6,3,5
17262,3,9,1
17263,3,3,5
17264,6,8,0
17265,3,0,9
17266,1,5,1
17267,7,1,4
17268,3,1,7
17269,0,4,5
17270,1,4,1
17271,5,5,0
17272,9,2,1
17273,3,8,0
17274,9,4,6
17275,9,6,5
17276,0,9,3
17277,0,7,6
17278,0,5,7
17279,2,6,2
17280,7,9,7
17281,8,0,8
17282,3,0,2
17283,1,5,4
17284,6,1,8
17285,9,7,7
17286,4,8,1
17287,0,9,4
17288,7,5,6
17289,7,4,4
17290,4,2,3
17291,6,9,4
17292,9,4,6
17293,7,8,7
17294,4,1,8
17295,5,5,4
17296,3,1,8
17297,8,1,0
17298,0,9,9
17299,6,8,5
17300,7,5,4
17301,6,1,6
17302,9,0,2
17303,4,5,8
17304,4,4,4
17305,0,0,5
17306,1,2,5
17307,6,2,3
17308,8,9,1
17309,2,6,2
17310,7,6,1
17311,9,0,0
17312,5,9,8
17313,3,0,6
17314,5,8,0
17315,2,4,3
17316,2,0,2
17317,1,0,3
17318,8,8,3
17319,9,3,9
17320,0,3,6
17321,4,3,5
17322,1,7,3
17323,5,7,2
17324,8,2,8
17325,5,0,9
17326,7,2,3
17327,1,4,5
17328,6,2,1
17329,5,3,5
17330,3,8,5
17331,0,9,8
17332,3,2,1
17333,4,2,7
17334,1,8,1
17335,6,6,1
17336,3,4,0
17337,9,1,0
17338,2,7,9
17339,1,3,1
17340,1,1,2
17341,7,2,2
17342,3,8,6
17343,7,5,2
17344,3,6,5
17345,3,4,4
17346,1,0,3
17347,0,3,7
17348,0,8,7
17349,1,5,6
17350,1,2,8
17351,2,6,0
17352,9,9,4
17353,3,0,4
17354,1,8,7
17355,3,8,4
17356,9,5,2
17357,8,0,9
17358,9,5,1
18001,1,7,7
18002,6,4,4
18003,1,4,5
18004,4,1,6
18005,3,9,1
18006,8,6,9
18007,0,8,0
18008,4,4,7
18009,4,9,6
18010,1,6,7
18011,9,7,2
18012,4,3,7
18013,6,0,6
18014,1,6,1
18015,7,3,9
18016,3,7,4
18017,9,9,0
18018,1,7,4
18019,7,6,0
18020,9,2,1
18021,7,2,6
18022,6,5,6
18023,9,3,6
18024,5,0,6
18025,5,4,3
18026,4,7,6
18027,4,8,9
18028,3,1,3
18029,7,9,0
18030,7,5,3
18031,5,2,5
18032,8,6,0
18033,8,7,0
18034,2,6,3
18035,7,5,2
18036,6,9,3
18037,7,6,8
18038,9,4,7
18039,1,2,5
18040,4,7,8
18041,4,1,1
18042,5,3,7
18043,0,7,9
18044,2,3,7
18045,0,0,9
18046,5,5,1
18047,0,8,8
18048,4,4,4
18049,8,1,8
18050,7,8,0
18051,4,2,4
18052,9,5,8
18053,8,2,7
18054,6,6,3
18055,0,4,3
18056,4,4,6
18057,2,5,2
18058,4,9,7
18059,7,5,5
18060,7,7,4
18061,1,3,4
18062,8,3,6
18063,8,2,0
18064,2,3,4
18065,2,3,8
18066,2,2,6
18067,1,7,1
18068,9,1,1
18069,1,4,1
18070,8,9,0
18071,5,0,3
18072,4,1,2
18073,7,4,8
18074,9,4,1
18075,3,4,2
18076,3,2,8
18077,1,3,7
18078,2,9,4
18079,7,3,8
18080,7,4,9
18081,9,4,8
18082,5,7,4
18083,7,5,2
18084,5,5,4
18085,3,3,4
18086,3,9,1
18087,8,2,7
18088,2,1,2
18089,7,7,3
18090,9,4,2
18091,0,7,1
18092,1,5,3
18093,5,5,3
18094,7,3,4
18095,8,9,4
18096,4,7,5
18097,3,0,4
18098,3,9,4
18099,3,3,2
18100,8,3,0
18101,7,9,8
18102,9,3,8
18103,7,9,6
18104,7,6,7
18105,8,4,5
18106,9,6,0
18107,9,4,7
18108,0,1,0
18109,3,3,1
18110,7,4,6
18111,8,1,7
18112,2,5,6
18113,7,9,8
18114,8,8,7
18115,1,8,0
18116,8,2,0
18117,8,3,6
18118,7,8,6
18119,5,0,5
18120,4,4,2
18121,5,1,4
18122,1,3,7
18123,8,3,0
18124,1,4,1
18125,3,2,8
18126,4,7,8
18127,2,9,7
18128,2,2,9
18129,9,8,2
18130,9,8,9
18131,5,4,8
18132,4,7,0
18133,4,1,4
18134,2,9,9
18135,0,8,6
18136,0,6,4
18137,1,7,7
18138,1,5,3
18139,8,2,8
18140,6,8,0
18141,2,7,9
18142,9,4,9
18143,3,2,2
18144,0,1,9
18145,5,2,3
18146,6,2,3
18147,0,3,8
18148,8,1,9
18149,8,7,1
18150,6,7,5
18151,6,9,4
18152,4,6,9
18153,0,8,3
18154,0,3,1
18155,1,6,0
18156,3,2,2
18157,2,0,9
18158,3,0,0
18159,2,9,4
18160,1,0,8
18161,4,7,3
18162,2,6,0
18163,5,7,0
18164,6,1,0
18165,3,0,2
18166,0,6,1
18167,1,3,2
18168,2,7,5
18169,7,1,6
18170,1,2,7
18171,2,9,7
18172,2,4,7
18173,2,4,2
18174,0,1,9
18175,6,1,2
18176,2,0,7
18177,2,2,2
18178,5,2,8
18179,7,1,3
18180,4,3,3
18181,5,7,3
18182,4,0,0
18183,8,4,4
18184,2,6,1
18185,6,9,6
18186,3,5,0
18187,5,0,7
18188,0,6,8
18189,2,6,9
18190,0,3,1
18191,3,4,0
18192,9,3,9
18193,3,8,2
18194,6,0,5
18195,4,8,4
18196,3,3,2
18197,1,3,3
18198,8,9,3
18199,4,4,2
18200,5,9,8
18201,6,2,9
18202,2,2,4
18203,2,1,6
18204,7,1,3
18205,2,9,8
18206,2,6,7
18207,0,0,6
18208,1,7,5
18209,1,0,0
18210,9,5,6
18211,8,9,3
18212,5,1,5
18213,3,5,5
18214,8,1,7
18215,9,3,9
18216,8,9,0
18217,8,5,6
18218,8,7,7
18219,8,7,1
18220,2,0,8
18221,5,9,8
18222,3,2,3
18223,1,9,7
18224,7,9,1
18225,6,4,8
18226,9,2,9
18227,0,8,8
18228,8,2,9
18229,4,4,3
18230,7,6,4
18231,5,1,6
18232,5,3,1
18233,1,1,1
18234,5,0,5
18235,5,8,4
18236,7,0,3
18237,1,5,7
18238,3,9,2
18239,8,3,7
18240,4,9,2
18241,1,7,0
18242,0,9,7
18243,7,9,0
18244,6,4,9
18245,0,5,1
18246,9,1,6
18247,3,0,3
18248,9,3,9
18249,2,8,9
18250,9,1,7
18251,0,3,0
18252,5,7,8
18253,8,5,2
18254,0,2,1
18255,7,1,0
18256,1,4,7
18257,6,0,3
18258,0,4,5
18259,1,4,9
18260,6,6,4
18261,3,5,2
18262,3,6,7
18263,4,5,2
18264,1,9,0
18265,1,8,0
18266,6,9,7
18267,1,0,5
18268,1,8,7
18269,4,2,6
18270,9,5,9
18271,7,7,5
18272,0,7,8
18273,6,2,4
18274,6,5,6
18275,3,9,3
18276,4,1,8
18277,0,2,5
18278,8,1,2
18279,6,4,5
18280,9,5,1
18281,1,0,6
18282,7,8,0
18283,8,9,9
18284,8,5,8
18285,0,8,0
18286,9,3,1
18287,0,5,1
18288,2,7,4
18289,9,1,3
18290,5,3,5
18291,6,3,9
18292,4,5,9
18293,1,5,1
18294,8,3,2
18295,1,6,8
18296,0,3,0
18297,4,6,1
18298,2,5,3
18299,4,8,9
18300,0,9,4
18301,9,0,1
18302,1,9,9
18303,6,0,8
18304,0,2,0
18305,1,9,0
18306,0,0,0
18307,6,4,8
18308,4,1,2
18309,7,4,3
18310,3,6,7
18311,8,6,4
18312,1,1,5
18313,3,8,3
18314,8,6,7
18315,7,7,3
18316,7,3,1
18317,2,9,9
18318,3,4,6
18319,4,0,8
18320,3,2,9
18321,8,2,9
18322,4,3,4
18323,2,6,5
18324,0,3,4
18325,6,4,4
18326,5,3,1
18327,0,6,8
18328,6,2,9
18329,6,0,1
18330,2,3,6
18331,4,5,8
18332,9,6,5
18333,8,3,6
18334,4,5,4
18335,3,5,9
18336,2,1,0
18337,5,5,8
18338,5,7,5
18339,8,4,1
18340,6,9,5
18341,0,3,0
18342,0,7,8
18343,9,7,4
18344,8,8,7
18345,4,7,8
18346,5,9,6
18347,4,7,1
18348,1,4,4
18349,4,9,4
18350,8,9,2
18351,3,1,8
18352,0,6,8
18353,6,9,1
18354,4,6,9
18355,3,7,8
18356,1,8,8
18357,9,2,2
18358,3,2,9
19001,3,2,2
19002,7,5,4
19003,5,4,2
19004,2,4,1
19005,0,6,2
19006,1,4,8
19007,7,5,1
19008,9,8,7
19009,6,6,8
19010,4,2,5
19011,4,9,2
19012,5,4,1
19013,2,2,3
19014,0,2,3
19015,4,2,4
19016,5,9,1
19017,1,4,7
19018,1,7,0
19019,9,9,9
19020,8,2,1
19021,6,6,2
19022,0,7,4
19023,6,6,1
19024,5,8,8
19025,1,6,2
19026,1,8,5
19027,6,1,3
19028,5,0,1
19029,2,5,3
19030,8,3,8
19031,7,1,2
19032,8,4,8
19033,3,4,2
19034,8,0,8
19035,5,7,5
19036,5,0,7
19037,6,9,9
19038,0,4,8
19039,0,6,6
19040,3,0,1
19041,1,3,0
19042,3,2,8
19043,6,0,3
19044,1,0,5
19045,3,7,7
19046,2,3,1
19047,3,6,3
19048,1,6,1
19049,6,3,2
19050,8,1,1
19051,3,3,7
19052,5,7,7
19053,3,6,4
19054,3,7,4
19055,1,8,2
19056,2,5,2
19057,8,6,8
19058,4,1,7
19059,1,0,4
19060,2,3,9
19061,2,8,8
19062,8,4,8
19063,2,1,1
19064,7,5,2
19065,4,3,2
19066,2,5,7
19067,5,7,9
19068,5,5,0
19069,7,9,3
19070,7,5,5
19071,2,0,5
19072,9,2,1
19073,7,0,9
19074,8,4,2
19075,4,2,9
19076,2,1,4
19077,5,1,4
19078,2,3,9
19079,0,8,7
19080,3,1,6
19081,9,5,4
19082,5,9,5
19083,0,5,8
19084,3,0,2
19085,6,1,2
19086,3,4,9
19087,0,5,8
19088,3,8,1
19089,3,8,2
19090,7,8,5
19091,0,3,5
19092,5,1,2
19093,5,2,5
19094,0,8,8
19095,1,1,4
19096,9,1,2
19097,0,7,1
19098,5,4,9
19099,4,6,1
19100,3,8,8
19101,5,6,1
19102,0,5,6
19103,3,4,5
19104,4,6,1
19105,4,5,8
19106,3,8,4
19107,2,1,4
19108,3,0,9
19109,9,8,3
19110,3,0,3
19111,4,8,6
19112,5,4,5
19113,4,7,2
19114,9,4,9
19115,0,0,8
19116,8,2,4
19117,3,5,8
19118,6,2,0
19119,2,1,1
19120,9,1,1
19121,8,8,2
19122,6,9,2
19123,4,7,1
19124,2,7,0
19125,4,8,5
19126,1,8,9
19127,2,8,0
19128,0,6,4
19129,5,4,0
19130,7,2,5
19131,6,2,7
19132,5,9,3
19133,1,9,7
19134,4,1,9
19135,0,9,4
19136,9,3,9
19137,7,7,6
19138,0,0,7
19139,4,0,6
19140,1,5,4
19141,0,0,4
19142,0,8,3
19143,5,8,1
19144,4,8,9
19145,0,8,8
19146,3,7,4
19147,5,3,4
19148,1,9,1
19149,8,8,0
19150,9,6,6
19151,5,7,5
19152,2,8,5
19153,0,6,0
19154,3,7,8
19155,0,8,1
19156,6,5,9
19157,3,1,2
19158,7,2,1
19159,1,9,6
19160,4,6,5
19161,9,9,7
19162,6,1,0
19163,4,9,3
19164,7,9,7
19165,1,1,2
19166,8,6,5
19167,3,0,7
19168,7,0,3
19169,0,4,1
19170,3,6,4
19171,4,4,3
19172,7,5,2
19173,8,8,4
19174,3,9,9
19175,3,8,9
19176,0,9,6
19177,2,3,2
19178,7,7,4
19179,7,6,1
19180,2,4,8
19181,3,0,6
19182,7,6,1
19183,8,3,2
19184,4,4,9
19185,4,3,6
19186,5,4,7
19187,8,9,9
19188,3,1,6
19189,8,9,0
19190,1,7,0
19191,2,5,0
19192,7,2,9
19193,6,5,2
19194,3,1,8
19195,6,8,9
19196,6,4,5
19197,6,2,2
19198,2,5,7
19199,4,7,6
19200,4,7,1
19201,2,3,2
19202,8,2,3
19203,1,0,3
19204,5,6,2
19205,1,8,7
19206,9,1,7
19207,1,1,7
19208,8,5,7
19209,8,6,5
19210,7,7,3
19211,5,9,0
19212,7,7,2
19213,7,2,8
19214,9,2,1
19215,8,7,6
19216,6,5,8
19217,1,2,3
19218,6,4,9
19219,3,8,2
19220,3,2,9
19221,7,9,6
19222,9,0,9
19223,5,3,4
19224,0,9,3
19225,3,9,1
19226,3,9,6
19227,8,2,3
19228,9,7,8
19229,9,4,8
19230,6,3,0
19231,9,3,5
19232,7,7,2
19233,5,3,1
19234,2,4,5
19235,4,2,2
19236,0,2,1
19237,8,0,8
19238,4,1,0
19239,4,9,1
19240,8,9,4
19241,3,8,5
19242,8,9,2
19243,5,1,1
19244,0,9,0
19245,5,9,5
19246,4,2,7
19247,4,8,9
19248,3,1,1
19249,6,2,9
19250,1,7,1
19251,2,7,2
19252,4,1,6
19253,6,3,9
19254,6,1,8
19255,2,7,2
19256,4,7,4
19257,8,7,1
19258,5,1,1
19259,4,3,2
19260,1,6,2
19261,8,6,5
19262,7,8,5
19263,9,8,4
19264,6,6,9
19265,5,9,0
19266,4,6,1
19267,0,3,5
19268,0,8,1
19269,8,5,4
19270,6,0,1
19271,9,5,1
19272,0,1,4
19273,8,2,2
19274,1,0,2
19275,2,8,7
19276,8,1,8
19277,7,3,7
19278,1,9,4
19279,1,7,7
19280,2,9,4
19281,0,0,5
19282,6,2,6
19283,0,4,9
19284,9,9,2
19285,0,7,1
19286,7,7,4
19287,3,3,7
19288,7,8,9
19289,2,4,9
19290,4,8,5
19291,6,7,6
19292,4,8,6
19293,5,9,9
19294,7,5,8
19295,3,3,5
19296,8,7,0
19297,5,2,5
19298,5,5,5
19299,5,7,8
19300,5,3,7
19301,3,7,9
19302,7,4,4
19303,6,6,9
19304,6,6,3
19305,4,8,2
19306,6,4,7
19307,0,2,7
19308,6,7,5
19309,3,5,4
19310,7,5,4
19311,1,1,4
19312,5,7,6
19313,2,4,1
19314,2,0,0
19315,4,5,1
19316,4,8,1
19317,4,2,3
19318,3,1,9
19319,3,3,1
19320,7,8,7
19321,5,9,3
19322,9,7,2
19323,8,3,0
19324,3,7,3
19325,7,4,4
19326,2,0,9
19327,7,7,0
19328,5,9,6
19329,4,1,2
19330,3,9,7
19331,8,6,0
19332,2,5,4
19333,3,8,3
19334,9,7,2
19335,3,6,9
19336,2,3,4
19337,4,0,7
19338,5,4,7
19339,9,0,1
19340,3,8,3
19341,0,3,0
19342,1,7,8
19343,9,5,2
19344,0,8,7
19345,8,7,4
19346,5,8,9
19347,5,4,9
19348,0,5,5
19349,3,3,8
19350,8,1,8
19351,9,7,7
20001,2,0,2
20002,1,6,1
20003,8,9,3
20004,4,9,8
20005,5,6,9
20006,0,8,3
20007,3,0,9
20008,1,8,8
20009,2,0,8
20010,0,1,1
20011,4,5,9
20012,3,1,3
20013,0,8,1
20014,1,6,1
20015,3,2,2
20016,4,0,2
20017,7,2,8
20018,5,8,5
20019,9,7,3
20020,1,6,6
20021,9,6,4
20022,6,3,4
20023,0,6,1
20024,6,1,4
20025,4,2,4
20026,7,0,5
20027,2,3,9
20028,5,1,3
20029,3,9,5
20030,7,1,9
20031,9,3,7
20032,6,8,8
20033,7,6,7
20034,4,7,3
20035,3,2,8
20036,3,0,1
20037,1,2,0
20038,7,3,9
20039,8,4,6
20040,3,8,9
20041,7,0,5
20042,2,7,4
20043,0,7,0
20044,1,2,0
20045,0,3,1
20046,3,2,4
20047,8,0,9
20048,8,5,4
20049,7,1,0
20050,5,9,3
20051,7,5,3
20052,2,2,3
20053,5,8,8
20054,0,8,7
20055,6,5,9
20056,5,7,8
20057,0,5,7
20058,2,2,8
20059,0,1,9
20060,4,9,0
20061,1,5,2
20062,3,1,8
20063,5,3,1
20064,3,5,2
20065,1,9,9
20066,2,6,2
20067,4,7,7
20068,4,1,0
20069,7,8,8
20070,8,0,4
20071,3,8,4
20072,7,9,0
20073,6,6,9
20074,2,2,4
20075,5,8,5
20076,8,6,4
20077,2,1,3
20078,3,5,6
20079,1,0,3
20080,3,8,4
20081,2,6,2
20082,8,8,9
20083,0,9,6
20084,5,6,7
20085,8,3,5
20086,9,7,2
20087,3,4,3
20088,5,5,1
20089,0,8,7
20090,5,5,9
20091,5,9,9
20092,6,1,6
20093,7,3,0
20094,3,2,8
20095,4,2,5
20096,7,1,8
20097,9,3,5
20098,4,4,9
20099,7,9,8
20100,0,6,4
20101,2,6,7
20102,8,7,7
20103,9,0,4
20104,2,9,5
20105,5,9,8
20106,4,4,0
20107,1,9,8
20108,2,6,7
20109,3,1,7
20110,2,8,2
20111,6,7,5
20112,4,2,1
20113,0,7,5
20114,0,6,5
20115,5,5,2
20116,9,3,4
20117,8,3,4
20118,2,0,4
20119,1,6,0
20120,2,4,2
20121,7,1,8
20122,6,3,9
20123,2,4,8
20124,6,2,9
20125,6,6,0
20126,4,9,4
20127,3,2,5
20128,0,8,6
20129,0,1,1
20130,9,6,8
20131,3,5,8
20132,8,7,9
20133,0,7,7
20134,7,5,3
20135,6,0,3
20136,5,5,2
20137,1,0,2
20138,0,0,4
20139,9,5,6
20140,5,1,5
20141,8,3,3
20142,7,1,3
20143,8,5,4
20144,6,1,0
20145,8,4,6
20146,8,8,0
20147,0,7,9
20148,9,6,4
20149,3,3,4
20150,3,7,3
20151,8,0,0
20152,6,9,8
20153,0,6,6
20154,8,1,0
20155,0,1,2
20156,0,9,8
20157,7,6,4
20158,2,6,6
20159,4,8,1
20160,9,2,0
20161,7,0,4
20162,6,2,8
20163,2,3,0
20164,4,8,4
20165,0,5,9
20166,3,4,3
20167,8,4,1
20168,7,8,6
20169,1,2,2
20170,6,5,0
20171,2,4,3
20172,6,0,3
20173,3,1,7
20174,2,9,4
20175,9,4,4
20176,9,6,2
20177,4,8,1
20178,3,3,7
20179,0,6,9
20180,1,2,7
20181,2,9,3
20182,9,1,3
20183,8,6,6
20184,5,5,5
20185,1,9,7
20186,5,4,7
20187,1,4,3
20188,2,9,4
20189,9,1,7
20190,7,3,3
20191,9,3,6
20192,8,4,9
20193,3,0,9
20194,4,3,6
20195,8,3,9
20196,8,4,1
20197,4,2,9
20198,6,1,2
20199,7,0,8
20200,0,2,3
20201,8,1,6
20202,2,6,0
20203,6,7,7
20204,0,7,4
20205,6,8,1
20206,6,1,1
20207,3,7,8
20208,8,1,1
20209,2,0,7
20210,3,2,6
20211,4,6,3
20212,5,5,9
20213,7,3,6
20214,8,6,0
20215,7,9,7
20216,6,2,3
20217,7,1,9
20218,6,4,8
20219,0,2,0
20220,2,9,3
20221,4,4,2
20222,5,2,8
20223,2,3,1
20224,9,3,9
20225,0,2,7
20226,2,0,0
20227,1,8,8
20228,4,3,0
20229,9,1,1
20230,5,7,3
20231,1,1,5
20232,0,5,6
20233,3,9,3
20234,6,1,0
20235,2,8,4
20236,9,9,8
20237,5,2,4
20238,2,7,5
20239,8,2,1
20240,8,6,1
20241,0,4,9
20242,8,2,8
20243,0,8,2
20244,9,7,8
20245,8,9,5
20246,5,2,5
20247,9,8,0
20248,9,6,2
20249,7,0,0
20250,8,3,9
20251,2,5,2
20252,7,6,1
20253,8,5,8
20254,1,2,0
20255,4,6,0
20256,2,0,8
20257,2,5,8
20258,4,6,8
20259,2,3,0
20260,2,7,8
20261,8,3,3
20262,6,6,5
20263,8,0,9
20264,1,6,0
20265,7,7,0
20266,1,1,0
20267,6,2,5
20268,6,3,5
20269,6,9,3
20270,4,1,4
20271,9,2,9
20272,2,4,3
20273,1,7,4
20274,5,9,5
20275,7,1,6
20276,9,9,4
20277,5,6,7
20278,2,7,4
20279,9,3,2
20280,1,6,0
20281,9,5,1
20282,2,5,7
20283,5,7,0
20284,3,3,7
20285,1,4,4
20286,5,1,9
20287,2,7,6
20288,6,9,3
20289,5,9,3
20290,8,4,6
20291,4,6,8
20292,7,6,7
20293,2,0,3
20294,6,3,0
20295,8,3,9
20296,2,5,1
20297,7,4,5
20298,2,9,0
20299,3,2,3
20300,4,1,2
20301,4,1,8
20302,1,0,8
20303,9,0,6
20304,6,2,7
20305,3,7,3
20306,4,3,8
20307,6,9,5
20308,5,7,4
20309,2,7,2
20310,5,0,3
20311,5,8,0
20312,6,1,4
21001,3,2,6
21002,3,5,5
21003,8,8,0
21004,5,0,1
21005,6,3,3
21006,9,0,8
21007,9,0,1
21008,6,4,7
21009,2,3,1
21010,7,4,3
21011,9,6,0
21012,9,0,6
21013,8,8,7
21014,7,9,0
21015,6,5,9
21016,2,2,3
21017,0,0,1
21018,4,6,8
21019,2,5,2
21020,3,9,8
21021,9,7,2
21022,9,6,3
21023,8,4,0
21024,3,4,2
21025,8,5,9
21026,4,2,6
21027,0,2,3
21028,7,9,0
21029,8,6,5
21030,2,2,5
21031,7,1,4
21032,3,7,3
21033,4,5,2
21034,5,3,4
21035,5,4,6
21036,9,5,6
21037,1,6,1
21038,4,9,2
21039,6,7,5
21040,3,4,1
21041,9,9,2
21042,9,5,6
21043,0,5,4
21044,2,6,9
21045,2,5,2
21046,0,4,7
21047,6,2,6
21048,9,4,5
21049,6,0,3
21050,4,6,0
21051,7,3,0
21052,9,8,6
21053,9,5,4
21054,1,2,5
21055,6,0,7
21056,6,2,2
21057,2,5,7
21058,9,7,2
21059,6,3,6
21060,6,5,5
21061,3,6,8
21062,4,4,6
21063,6,7,3
21064,6,2,6
21065,6,4,2
21066,5,2,3
21067,1,7,0
21068,0,4,5
21069,7,1,9
21070,9,8,8
21071,6,5,5
21072,5,6,2
21073,1,7,3
21074,2,7,9
21075,0,6,8
21076,0,1,8
21077,7,1,0
21078,6,8,6
21079,9,5,9
21080,6,4,5
21081,2,4,1
21082,2,2,7
21083,6,7,6
21084,4,9,3
21085,9,9,6
21086,2,6,3
21087,8,6,6
21088,3,0,4
21089,2,4,5
21090,6,7,8
21091,4,7,2
21092,8,7,0
21093,4,3,1
21094,5,6,9
21095,9,5,2
21096,5,9,3
21097,8,1,6
21098,3,0,2
21099,4,9,1
21100,2,7,6
21101,7,8,6
21102,1,1,6
21103,8,3,3
21104,9,0,6
21105,6,3,8
21106,7,3,3
21107,2,6,4
21108,5,5,3
21109,1,7,2
21110,2,3,4
21111,8,3,8
21112,4,5,1
21113,0,3,2
21114,7,1,3
21115,8,3,4
21116,4,1,4
21117,9,2,3
21118,6,9,4
21119,1,3,6
21120,6,8,6
21121,0,8,0
21122,8,5,3
21123,8,2,2
21124,4,9,2
21125,9,1,9
21126,8,1,3
21127,4,4,9
21128,6,8,9
21129,7,9,3
21130,1,7,2
21131,2,2,3
21132,7,4,1
21133,5,3,2
21134,2,1,6
21135,5,0,5
21136,4,6,9
21137,6,8,5
21138,9,2,8
21139,6,4,9
21140,1,3,2
21141,1,0,3
21142,1,9,7
21143,3,8,6
21144,0,7,4
21145,2,4,5
21146,9,0,1
21147,2,5,7
21148,2,1,5
21149,8,7,8
21150,3,0,1
21151,8,2,6
21152,3,4,8
21153,3,6,8
21154,5,9,1
21155,2,1,7
21156,7,3,2
21157,2,1,9
21158,9,0,5
21159,2,3,7
21160,9,5,8
21161,7,6,2
21162,7,9,3
21163,6,1,1
21164,1,3,7
21165,5,0,6
21166,8,1,0
21167,6,6,5
21168,9,4,6
21169,1,1,6
21170,4,9,9
21171,4,6,5
21172,7,5,7
21173,0,9,7
21174,2,4,3
21175,1,1,7
21176,8,6,5
21177,0,1,7
21178,9,0,0
21179,8,6,6
21180,9,3,0
21181,5,4,9
21182,2,2,9
21183,3,5,0
21184,8,1,1
21185,6,9,5
21186,6,9,1
21187,3,7,5
21188,6,0,8
21189,8,1,0
21190,4,2,8
21191,0,4,9
21192,7,4,0
21193,9,5,1
21194,5,2,3
21195,6,0,2
21196,8,6,6
21197,0,6,4
21198,1,8,5
21199,4,8,3
21200,4,0,9
21201,2,4,5
21202,4,8,8
21203,9,5,9
21204,5,0,6
21205,0,8,2
21206,4,6,9
21207,0,7,0
21208,5,2,0
21209,6,5,4
21210,5,8,2
21211,6,7,5
21212,0,1,2
21213,1,2,0
21214,2,8,1
21215,7,1,2
21216,4,5,4
21217,5,4,7
21218,5,3,0
21219,3,2,9
21220,1,2,7
21221,1,8,5
21222,0,2,8
21223,8,2,3
21224,9,3,7
21225,8,2,4
21226,5,0,9
21227,3,5,7
21228,5,5,2
21229,3,5,9
21230,7,7,5
21231,7,6,2
21232,7,7,9
21233,0,2,2
21234,1,6,3
21235,3,3,2
21236,7,1,4
21237,2,0,3
21238,1,3,4
21239,3,1,9
21240,0,1,3
21241,8,4,8
21242,9,7,3
21243,0,9,7
21244,4,0,1
21245,9,2,6
21246,9,8,0
21247,5,2,5
21248,3,0,8
21249,2,9,0
21250,4,4,8
21251,9,4,1
21252,9,7,5
21253,5,6,8
21254,9,4,9
21255,9,1,7
21256,5,0,3
21257,9,1,4
21258,7,5,1
21259,1,1,5
21260,1,8,6
21261,1,9,5
21262,4,1,4
21263,2,4,4
21264,9,5,6
21265,0,9,5
21266,0,5,5
21267,7,0,0
21268,1,8,3
21269,1,3,4
21270,6,7,1
21271,5,3,0
21272,0,2,8
21273,3,1,6
21274,8,1,2
21275,2,7,6
21276,5,0,4
21277,7,0,0
21278,1,5,7
21279,1,1,1
21280,8,6,8
21281,5,9,7
21282,4,7,0
21283,8,0,6
21284,5,0,4
21285,7,8,0
21286,8,5,3
21287,7,7,0
21288,5,6,6
21289,3,2,1
21290,4,8,9
21291,0,4,4
21292,5,2,1
21293,4,2,0
21294,4,8,8
21295,2,3,5
21296,4,6,8
21297,5,1,2
21298,5,8,9
21299,8,8,8
21300,1,4,0
21301,6,2,2
21302,9,2,5
21303,1,4,3
21304,9,0,0
21305,1,5,6
21306,2,3,3
21307,1,8,3
21308,8,3,8
21309,4,5,7
21310,1,4,8
21311,8,0,5
21312,0,0,8
21313,5,9,3
21314,1,9,4
21315,4,8,4
21316,6,8,8
21317,3,5,5
21318,7,3,1
21319,0,8,6
21320,9,4,0
21321,9,7,7
21322,1,7,0
21323,4,5,4
21324,9,3,1
21325,6,1,2
21326,4,6,1
21327,3,2,8
21328,3,3,6
21329,1,3,1
21330,2,0,4
21331,9,4,9
21332,9,3,4
21333,4,0,4
21334,7,9,2
21335,1,1,0
21336,4,5,5
21337,7,2,2
21338,2,4,4
21339,1,8,9
21340,3,2,1
21341,7,0,3
21342,6,7,6
21343,8,8,0
21344,0,4,6
21345,5,0,8
21346,3,4,3
21347,8,3,9
21348,2,4,1
21349,2,9,0
21350,1,3,5
21351,2,6,4
22001,3,7,8
22002,2,8,7
22003,5,5,8
22004,0,9,9
22005,8,7,1
22006,4,3,8
22007,5,2,3
22008,8,4,2
22009,8,5,6
22010,6,4,8
22011,0,7,3
22012,5,0,5
22013,0,8,6
22014,7,8,8
22015,9,9,3
22016,9,4,7
22017,5,1,5
22018,7,2,9
22019,8,5,5
22020,5,1,5
22021,4,9,2
22022,9,7,4
22023,4,8,9
22024,5,0,3
22025,9,7,4
22026,6,1,8
22027,9,2,4
22028,9,6,1
22029,1,3,4
22030,4,6,0
22031,6,0,5
22032,7,0,3
22033,3,5,8
22034,9,2,2
22035,4,0,2
22036,0,8,7
22037,3,4,1
22038,3,9,3
22039,4,7,5
22040,5,9,1
22041,5,3,3
22042,5,0,0
22043,0,9,6
22044,5,3,8
22045,4,2,9
22046,3,8,7
22047,8,1,5
22048,7,1,2
22049,4,8,7
22050,0,7,0
22051,8,4,6
22052,4,6,6
22053,5,6,6
22054,2,6,9
22055,2,7,7
22056,0,9,9
22057,1,4,7
22058,0,4,7
22059,5,9,2
22060,2,1,0
22061,3,5,3
22062,8,9,2
22063,7,7,3
22064,6,1,5
22065,9,9,4
22066,4,0,8
22067,0,1,3
22068,7,1,7
22069,5,8,6
22070,7,0,2
22071,3,7,1
22072,6,8,3
22073,2,0,0
22074,0,8,9
22075,7,6,1
22076,1,7,1
22077,9,1,8
22078,3,5,2
22079,8,5,4
22080,4,5,0
22081,1,6,8
22082,6,7,8
22083,3,2,8
22084,9,4,6
22085,2,7,9
22086,9,3,5
22087,1,3,3
22088,9,0,7
22089,8,4,4
22090,5,7,9
22091,8,0,9
22092,8,1,8
22093,9,5,8
22094,4,8,8
22095,1,4,0
22096,8,2,4
22097,0,9,6
22098,9,1,5
22099,4,6,4
22100,4,4,4
22101,1,2,4
22102,3,4,5
22103,0,4,6
22104,0,8,3
22105,6,4,2
22106,6,2,5
22107,0,6,4
22108,4,1,5
22109,0,9,2
22110,8,9,3
22111,9,5,6
22112,7,6,2
22113,6,5,3
22114,9,9,7
22115,8,3,6
22116,7,0,7
22117,4,5,7
22118,4,7,0
22119,0,4,6
22120,9,3,9
22121,6,2,1
22122,3,5,7
22123,1,5,4
22124,2,2,4
22125,2,6,4
22126,2,5,9
22127,1,1,7
22128,8,4,3
22129,0,0,5
22130,3,9,5
22131,2,6,6
22132,7,8,2
22133,6,5,4
22134,2,2,9
22135,0,4,8
22136,6,5,6
22137,2,4,4
22138,4,2,6
22139,1,3,6
22140,2,7,7
22141,7,5,5
22142,5,6,3
22143,1,5,8
22144,0,1,6
22145,7,2,8
22146,1,9,4
22147,1,9,6
22148,4,0,8
22149,4,6,4
22150,8,8,7
22151,1,1,3
22152,0,4,4
22153,1,5,5
22154,4,0,6
22155,0,5,7
22156,7,8,9
22157,4,1,7
22158,8,9,1
22159,2,4,0
22160,0,4,4
22161,5,0,7
22162,7,0,7
22163,7,7,1
22164,1,8,9
22165,4,5,7
22166,4,5,1
22167,2,9,9
22168,5,5,3
22169,4,6,9
22170,7,8,9
22171,9,2,4
22172,3,4,2
22173,5,4,6
22174,2,8,4
22175,1,5,1
22176,4,1,6
22177,2,4,2
22178,9,2,1
22179,9,4,6
22180,3,1,2
22181,0,7,1
22182,4,0,6
22183,1,8,8
22184,9,6,6
22185,5,4,5
22186,1,5,3
22187,7,1,8
22188,4,8,1
22189,2,3,5
22190,7,4,8
22191,2,1,0
22192,6,8,1
22193,1,6,2
22194,7,8,0
22195,1,2,2
22196,1,2,3
22197,9,3,0
22198,0,3,7
22199,3,3,2
22200,3,0,3
22201,2,1,3
22202,9,0,2
22203,6,2,9
22204,6,6,6
22205,4,6,8
22206,2,2,2
22207,4,6,5
22208,6,3,2
22209,3,5,6
22210,6,3,0
22211,3,2,1
22212,6,4,4
22213,8,2,9
22214,8,2,2
22215,0,6,2
22216,7,6,2
22217,5,1,4
22218,7,4,5
22219,2,9,2
22220,3,8,0
22221,2,4,6
22222,2,9,1
22223,0,5,8
22224,8,9,7
22225,4,3,1
22226,9,8,9
22227,6,1,3
22228,5,4,4
22229,7,6,6
22230,9,0,1
22231,4,6,6
22232,6,4,2
22233,8,6,7
22234,8,8,7
22235,8,2,4
22236,8,8,5
22237,6,9,9
22238,6,2,2
22239,2,8,9
22240,1,9,5
22241,0,7,3
22242,0,8,9
22243,4,7,4
22244,1,2,4
22245,8,4,6
22246,8,3,2
22247,4,4,6
22248,0,4,9
22249,0,0,6
22250,0,1,5
22251,1,2,4
22252,1,6,7
22253,9,1,6
22254,7,3,5
22255,3,3,9
22256,4,0,5
22257,7,9,2
22258,1,9,6
22259,4,4,8
22260,4,6,9
22261,0,2,6
22262,3,2,9
22263,3,3,5
22264,7,8,6
22265,4,6,4
22266,2,1,0
22267,5,3,4
22268,3,8,4
22269,3,7,5
22270,2,2,7
22271,5,6,7
22272,3,2,9
22273,7,4,6
22274,0,6,5
22275,0,5,9
22276,7,6,1
22277,2,4,6
22278,4,9,2
22279,9,7,4
22280,1,3,3
22281,1,0,1
22282,8,9,6
22283,8,2,0
22284,7,5,2
22285,4,3,6
22286,9,8,0
22287,7,4,6
22288,5,6,1
22289,7,6,9
22290,8,3,7
22291,6,3,3
22292,9,7,7
22293,3,8,5
22294,6,6,6
22295,6,0,8
22296,0,0,9
22297,1,1,1
22298,8,7,2
22299,2,9,9
22300,0,9,4
22301,1,8,1
22302,8,7,5
22303,5,3,3
22304,1,7,4
22305,0,4,8
22306,5,5,9
22307,3,7,2
22308,2,1,6
22309,0,4,1
22310,2,5,7
22311,6,8,2
22312,1,3,2
22313,1,6,9
22314,7,1,5
22315,5,6,2
22316,2,8,0
22317,2,6,8
22318,0,2,1
22319,0,6,9
22320,7,4,7
22321,8,6,1
22322,3,3,5
22323,7,1,2
22324,8,4,9
22325,7,6,0
22326,2,8,9
22327,2,8,9
22328,6,2,0
22329,1,6,7
22330,2,2,1
22331,8,0,8
22332,4,2,2
22333,8,5,1
22334,3,8,3
22335,0,1,4
22336,3,8,7
22337,2,1,7
22338,4,1,6
22339,5,2,5
22340,2,8,7
22341,0,8,4
22342,3,8,3
22343,3,8,2
22344,2,0,9
22345,4,6,0
22346,5,3,8
22347,9,2,5
22348,7,3,9
22349,4,9,1
22350,2,8,6
22351,0,9,2
23001,4,5,8
23002,0,7,0
23003,9,0,0
23004,1,3,6
23005,4,2,0
23006,7,5,6
23007,3,1,5
23008,9,7,2
23009,2,2,1
23010,8,8,8
23011,0,8,3
23012,7,8,0
23013,2,8,2
23014,0,2,2
23015,6,0,6
23016,7,1,4
23017,1,7,2
23018,2,3,7
23019,7,9,0
23020,4,8,8
23021,9,1,1
23022,1,1,4
23023,3,4,2
23024,0,6,0
23025,3,5,7
23026,6,6,5
23027,3,4,8
23028,1,2,7
23029,4,9,9
23030,7,5,4
23031,9,7,5
23032,0,9,0
23033,6,7,9
23034,9,0,1
23035,6,4,9
23036,6,5,6
23037,7,7,1
23038,0,9,1
23039,7,6,3
23040,3,3,4
23041,6,0,8
23042,2,3,1
23043,5,6,8
23044,0,8,2
23045,6,5,9
23046,8,8,5
23047,5,7,8
23048,5,8,1
23049,9,2,8
23050,7,1,4
23051,9,4,0
23052,3,8,3
23053,3,6,4
23054,3,4,8
23055,8,8,2
23056,1,0,8
23057,4,6,4
23058,6,9,3
23059,5,1,8
23060,7,9,2
23061,7,1,1
23062,0,0,6
23063,4,3,7
23064,0,6,5
23065,4,6,8
23066,5,5,0
23067,8,5,4
23068,3,6,6
23069,9,3,2
23070,5,6,7
23071,0,1,7
23072,4,4,7
23073,1,3,0
23074,0,7,1
23075,7,3,8
23076,5,0,3
23077,2,0,9
23078,3,1,6
23079,0,1,4
23080,4,8,4
23081,9,7,8
23082,7,3,9
23083,0,2,4
23084,0,5,5
23085,5,5,7
23086,9,1,5
23087,3,2,9
23088,2,9,2
23089,9,4,0
23090,5,8,5
23091,7,9,5
23092,8,8,3
23093,5,3,6
23094,5,3,3
23095,4,8,8
23096,7,6,3
23097,6,8,5
23098,2,2,3
23099,5,5,1
23100,6,3,2
23101,5,3,1
23102,7,0,4
23103,9,7,6
23104,6,4,3
23105,5,7,0
23106,2,8,2
23107,5,1,9
23108,4,7,7
23109,3,0,3
23110,4,3,3
23111,6,5,9
23112,1,2,7
23113,2,2,4
23114,8,1,0
23115,5,2,7
23116,9,2,0
23117,4,9,3
23118,6,4,6
23119,0,5,6
23120,0,9,1
23121,6,6,8
23122,8,2,7
23123,5,5,7
23124,0,7,1
23125,5,5,8
23126,9,8,4
23127,1,1,0
23128,8,1,0
23129,3,3,4
23130,5,2,1
23131,5,8,3
23132,0,1,0
23133,4,3,4
23134,2,2,0
23135,4,6,7
23136,9,2,9
23137,7,9,1
23138,4,4,0
23139,4,2,9
23140,0,9,3
23141,7,4,3
23142,1,6,7
23143,8,4,8
23144,5,6,3
23145,8,8,3
23146,5,8,7
23147,8,6,3
23148,3,3,6
23149,0,2,5
23150,0,3,9
23151,3,8,3
23152,3,1,8
23153,7,5,0
23154,4,3,3
23155,8,5,3
23156,2,5,1
23157,7,8,6
23158,4,4,7
23159,3,1,9
23160,3,9,3
23161,5,3,6
23162,0,9,4
23163,1,2,7
23164,2,1,5
23165,2,5,1
23166,1,2,8
23167,1,9,0
23168,9,3,3
23169,7,2,1
23170,0,8,2
23171,2,2,5
23172,7,8,0
23173,0,1,3
23174,8,2,9
23175,2,8,0
23176,0,7,1
23177,7,0,9
23178,7,1,1
23179,4,9,9
23180,6,8,7
23181,7,7,9
23182,1,2,1
23183,8,0,6
23184,9,6,4
23185,4,6,8
23186,7,0,7
23187,7,6,5
23188,2,8,4
23189,0,7,0
23190,6,0,0
23191,3,6,0
23192,2,1,4
23193,4,1,9
23194,3,0,3
23195,3,6,7
23196,8,0,0
23197,3,0,7
23198,0,7,9
23199,7,2,3
23200,5,1,4
23201,7,3,4
23202,7,5,8
23203,1,4,0
23204,0,1,4
23205,0,9,7
23206,4,4,8
23207,1,2,6
23208,6,6,9
23209,2,1,7
23210,9,3,6
23211,7,9,2
23212,8,5,3
23213,0,7,7
23214,1,0,1
23215,4,8,0
23216,1,3,8
23217,7,4,8
23218,9,4,2
23219,7,3,8
23220,0,3,5
23221,6,4,9
23222,9,7,7
23223,7,4,0
23224,3,7,4
23225,1,1,8
23226,5,3,5
23227,9,0,1
23228,7,7,3
23229,6,7,8
23230,9,4,9
23231,3,6,5
23232,8,6,0
23233,1,2,4
23234,8,0,5
23235,4,2,4
23236,2,7,0
23237,7,9,8
23238,5,6,2
23239,4,4,0
23240,7,0,2
23241,9,3,5
23242,9,8,7
23243,9,6,6
23244,3,1,5
23245,4,8,0
23246,4,2,2
23247,9,3,7
23248,6,9,6
23249,0,3,9
23250,1,8,0
23251,7,3,6
23252,9,6,1
23253,9,8,6
23254,9,9,1
23255,0,5,6
23256,8,4,0
23257,9,0,8
23258,9,1,5
23259,0,8,8
23260,2,4,7
23261,9,3,0
23262,7,1,7
23263,9,9,3
23264,9,2,5
23265,2,2,4
23266,1,3,3
23267,5,5,4
23268,9,7,5
23269,2,3,4
23270,3,5,5
23271,0,9,6
23272,4,1,9
23273,1,2,1
23274,6,6,9
23275,9,8,4
23276,6,0,6
23277,0,2,8
23278,0,7,0
23279,3,9,1
23280,6,0,1
23281,3,4,4
23282,3,0,8
23283,0,2,9
23284,3,8,2
23285,7,1,6
23286,1,1,6
23287,8,9,4
23288,3,1,4
23289,9,9,8
23290,1,5,4
23291,1,5,0
23292,9,6,8
23293,4,3,4
23294,6,6,7
23295,8,8,2
23296,8,0,7
23297,7,6,1
23298,3,6,5
23299,8,0,8
23300,2,9,6
23301,0,4,1
23302,1,6,1
23303,5,7,2
23304,7,2,8
23305,6,7,9
23306,3,3,0
23307,9,3,6
23308,6,1,9
23309,3,2,9
23310,4,1,7
23311,5,8,3
23312,4,4,2
23313,4,1,4
23314,3,5,5
23315,7,4,7
23316,2,3,4
23317,3,9,7
23318,7,9,0
23319,9,6,5
23320,6,9,7
23321,2,1,1
23322,1,7,4
23323,9,4,5
23324,6,0,2
23325,7,1,7
23326,7,9,0
23327,3,1,4
23328,8,8,2
23329,2,8,9
23330,5,3,1
23331,4,0,2
23332,6,6,7
23333,9,8,9
23334,5,8,7
23335,0,4,7
23336,8,2,1
23337,8,4,6
23338,3,8,0
23339,4,8,2
23340,0,8,9
23341,3,4,1
23342,9,7,8
23343,7,3,0
23344,8,0,1
23345,6,7,8
23346,2,5,8
23347,7,4,2
23348,5,9,7
23349,9,2,3
23350,1,9,7
23351,5,7,1
24001,4,0,3
24002,5,4,4
24003,6,6,6
24004,6,6,5
24005,2,5,9
24006,2,8,4
24007,8,8,8
24008,4,0,5
24009,8,1,5
24010,2,8,1
24011,0,8,0
24012,0,8,1
24013,9,8,5
24014,1,8,7
24015,4,7,5
24016,7,0,2
24017,5,5,5
24018,8,5,9
24019,3,1,3
24020,4,0,6
24021,3,7,0
24022,1,2,4
24023,7,9,3
24024,1,9,9
24025,3,1,4
24026,7,5,1
24027,5,0,2
24028,2,5,9
24029,5,7,5
24030,9,5,1
24031,6,8,2
24032,8,0,5
24033,7,3,9
24034,0,1,7
24035,3,0,6
24036,5,4,7
24037,9,1,0
24038,5,2,9
24039,5,0,8
24040,5,1,4
24041,9,0,5
24042,3,4,2
24043,2,9,6
24044,8,8,5
24045,7,5,7
24046,7,0,2
24047,7,6,0
24048,3,9,6
24049,6,3,1
24050,4,9,5
24051,6,7,4
24052,9,9,5
24053,9,5,8
24054,2,2,1
24055,1,7,3
24056,7,8,8
24057,7,6,5
24058,0,6,5
24059,6,2,9
24060,3,5,7
24061,2,5,0
24062,7,8,4
24063,6,5,1
24064,1,3,2
24065,9,0,3
24066,8,0,3
24067,5,4,9
24068,2,3,9
24069,4,1,1
24070,8,9,1
24071,2,5,8
24072,3,4,1
24073,5,9,0
24074,6,2,9
24075,2,8,5
24076,9,6,8
24077,6,2,6
24078,1,2,6
24079,8,8,9
24080,0,1,2
24081,9,2,8
24082,5,7,1
24083,2,3,2
24084,5,4,9
24085,4,9,3
24086,2,7,8
24087,1,6,1
24088,8,1,9
24089,1,1,7
24090,2,0,6
24091,1,9,6
24092,1,5,0
24093,9,3,5
24094,2,7,1
24095,1,7,5
24096,4,6,3
24097,8,6,3
24098,2,4,7
24099,1,0,2
24100,1,5,7
24101,0,3,0
24102,2,1,5
24103,5,5,1
24104,4,7,4
24105,2,1,0
24106,5,3,3
24107,4,9,9
24108,2,5,2
24109,2,4,3
24110,6,2,9
24111,3,3,6
24112,2,1,8
24113,3,4,5
24114,5,4,8
24115,6,2,0
24116,3,4,8
24117,1,8,5
24118,7,3,3
24119,2,5,5
24120,5,2,9
24121,5,1,8
24122,2,4,6
24123,5,3,8
24124,8,3,5
24125,7,0,6
24126,3,7,9
24127,7,4,4
24128,0,1,7
24129,2,7,8
24130,1,2,2
24131,5,7,1
24132,6,0,4
24133,2,8,1
24134,6,6,0
24135,8,9,1
24136,0,6,2
24137,1,2,8
24138,9,9,7
24139,5,3,6
24140,5,2,0
24141,8,0,4
24142,4,2,6
24143,1,8,5
24144,1,4,7
24145,2,0,5
24146,9,9,1
24147,5,5,8
24148,3,4,3
24149,6,7,6
24150,1,2,9
24151,9,0,0
24152,9,3,6
24153,3,8,9
24154,9,8,3
24155,8,8,9
24156,1,7,2
24157,2,1,1
24158,6,0,6
24159,4,3,0
24160,4,2,5
24161,6,4,9
24162,3,2,0
24163,5,1,4
24164,0,0,6
24165,9,3,2
24166,4,7,9
24167,5,0,7
24168,5,4,1
24169,7,5,9
24170,0,3,1
24171,0,7,0
24172,4,0,0
24173,6,5,8
24174,1,9,1
24175,1,9,5
24176,9,3,2
24177,5,7,9
24178,6,6,3
24179,5,3,5
24180,2,1,5
24181,3,2,3
24182,2,8,2
24183,5,0,0
24184,7,3,0
24185,8,8,4
24186,3,6,7
24187,8,8,3
24188,0,2,4
24189,7,9,3
24190,6,4,4
24191,4,3,9
24192,3,4,0
24193,0,0,6
24194,0,7,8
24195,5,1,7
24196,5,3,9
24197,1,0,5
24198,5,5,0
24199,5,5,8
24200,3,8,0
24201,5,1,5
24202,1,8,7
24203,5,9,2
24204,0,4,7
24205,2,4,1
24206,4,4,6
24207,9,8,2
24208,9,7,3
24209,5,3,5
24210,2,8,5
24211,6,4,9
24212,7,2,7
24213,7,3,4
24214,1,4,5
24215,8,7,7
24216,8,4,8
24217,1,1,1
24218,2,9,1
24219,9,7,1
24220,7,2,4
24221,5,0,0
24222,9,9,3
24223,5,4,9
24224,8,3,5
24225,7,5,8
24226,2,3,2
24227,9,9,5
24228,2,7,4
24229,9,2,6
24230,0,8,8
24231,6,9,6
24232,2,9,7
24233,4,9,8
24234,2,7,5
24235,9,5,4
24236,3,7,6
24237,3,5,6
24238,4,3,0
24239,1,6,8
24240,8,1,5
24241,0,6,3
24242,1,8,8
24243,9,1,6
24244,3,6,8
24245,1,8,4
24246,8,1,6
24247,4,3,4
24248,9,5,4
24249,1,9,8
24250,6,0,6
24251,3,5,6
24252,7,0,0
24253,1,4,8
24254,4,2,3
24255,1,5,5
24256,5,4,9
24257,0,0,8
24258,6,9,0
24259,4,4,4
24260,5,2,3
24261,1,9,5
24262,2,1,6
24263,4,0,4
24264,3,4,7
24265,7,0,1
24266,1,4,3
24267,8,4,1
24268,8,3,1
24269,3,2,4
24270,8,0,1
24271,3,9,5
24272,4,3,6
24273,8,1,2
24274,2,7,4
24275,6,8,1
24276,0,8,8
24277,6,2,3
24278,1,3,4
24279,8,8,6
24280,8,5,9
24281,4,6,5
24282,9,0,5
24283,2,8,5
24284,0,3,4
24285,3,4,7
24286,1,5,6
24287,9,4,5
24288,8,1,0
24289,0,0,6
24290,0,0,4
24291,3,4,0
24292,0,3,0
24293,0,4,4
24294,7,0,1
24295,5,5,2
24296,8,9,8
24297,0,3,7
24298,6,8,0
24299,5,8,1
24300,9,3,3
24301,8,7,7
24302,3,9,8
24303,2,0,1
24304,4,2,5
24305,8,4,1
24306,5,0,8
24307,5,8,2
24308,8,4,3
24309,4,8,3
24310,7,1,8
24311,5,3,3
24312,4,1,3
24313,4,7,1
24314,0,8,0
24315,0,7,1
24316,3,3,2
24317,3,5,5
24318,2,4,3
24319,7,9,3
24320,8,6,3
24321,0,5,0
24322,6,7,8
24323,9,1,4
24324,6,3,0
24325,0,2,3
24326,2,5,7
24327,1,3,4
24328,1,2,5
24329,1,4,7
24330,8,1,1
24331,7,1,2
24332,6,7,9
24333,8,4,8
24334,7,4,6
24335,4,9,9
24336,2,4,9
24337,1,7,2
24338,1,5,5
24339,9,1,8
24340,0,3,1
24341,6,5,3
24342,0,8,4
24343,4,8,1
24344,5,4,6
24345,6,2,0
24346,6,7,7
24347,8,9,3
24348,1,9,2
24349,9,0,7
24350,2,2,0
24351,7,8,8
24352,6,9,1
25001,1,2,3
25002,9,0,0
25003,1,6,8
25004,3,5,1
25005,6,1,7
25006,6,5,6
25007,3,6,2
25008,1,2,8
25009,8,0,6
25010,1,4,3
25011,0,2,7
25012,4,7,1
25013,9,7,8
25014,5,0,8
25015,3,9,8
25016,9,6,3
25017,9,5,6
25018,2,9,2
25019,7,3,4
25020,1,5,9
25021,3,4,6
25022,4,8,4
25023,7,8,8
25024,2,2,8
25025,6,7,7
25026,3,4,6
25027,0,4,8
25028,8,2,2
25029,4,8,9
25030,2,9,7
25031,5,1,3
25032,3,9,2
25033,9,3,4
25034,3,0,9
25035,8,4,9
25036,5,2,1
25037,5,7,8
25038,3,6,6
25039,5,8,8
25040,8,7,5
25041,9,1,6
25042,6,7,5
25043,5,5,2
25044,8,0,5
25045,7,2,2
25046,3,7,2
25047,8,0,6
25048,5,7,0
25049,0,3,7
25050,5,7,0
25051,9,7,3
25052,3,3,7
25053,8,9,9
25054,3,8,4
25055,9,1,6
25056,7,1,6
25057,7,6,5
25058,6,7,2
25059,7,7,1
25060,7,9,3
25061,4,9,0
25062,2,5,7
25063,4,6,6
25064,6,5,6
25065,9,9,0
25066,1,8,4
25067,6,7,1
25068,9,7,5
25069,9,3,4
25070,7,7,1
25071,4,6,2
25072,9,3,5
25073,1,3,2
25074,1,7,9
25075,7,4,3
25076,4,0,7
25077,4,2,5
25078,1,1,3
25079,2,9,6
25080,7,3,8
25081,7,6,6
25082,3,4,4
25083,5,9,3
25084,3,0,4
25085,3,5,3
25086,6,3,4
25087,8,4,5
25088,2,2,2
25089,2,0,8
25090,9,9,3
25091,8,3,0
25092,7,2,1
25093,4,3,2
25094,5,3,4
25095,6,7,2
25096,9,4,8
25097,1,7,1
25098,1,9,2
25099,1,7,4
25100,9,9,7
25101,9,1,1
25102,2,3,3
25103,4,7,1
25104,1,4,4
25105,0,8,4
25106,0,7,6
25107,7,2,6
25108,8,7,7
25109,6,1,9
25110,1,1,6
25111,5,8,8